<?xml version="1.0" encoding="UTF-8"?>
<LabelingTool version=" 2.10.6_10.12.13_6">
  <creator>RamyaP</creator>
  <Imagetype>Stadium interview</Imagetype>
  <project name="Robikart_BBox">
    <class id="0">
      <boundingbox id="0" Inds_id="None">
        <x1>447</x1>
        <y1>178</y1>
        <x2>500</x2>
        <y2>262</y2>
        <w>53</w>
        <h>84</h>
        <angle>0</angle>
        <AttrList n="0"/>
        <time>
          <Time1>0:0:3 2022-09-04</Time1>
        </time>
      </boundingbox>
      <boundingbox id="1" Inds_id="None">
        <x1>474</x1>
        <y1>203</y1>
        <x2>563</x2>
        <y2>277</y2>
        <w>89</w>
        <h>74</h>
        <angle>0</angle>
        <AttrList n="0"/>
        <time>
          <Time1>0:0:2 2022-09-04</Time1>
        </time>
      </boundingbox>
      <boundingbox id="2" Inds_id="None">
        <x1>476</x1>
        <y1>271</y1>
        <x2>549</x2>
        <y2>323</y2>
        <w>73</w>
        <h>52</h>
        <angle>0</angle>
        <AttrList n="0"/>
        <time>
          <Time1>0:0:2 2022-09-04</Time1>
        </time>
      </boundingbox>
      <boundingbox id="3" Inds_id="None">
        <x1>497</x1>
        <y1>136</y1>
        <x2>575</x2>
        <y2>216</y2>
        <w>78</w>
        <h>80</h>
        <angle>0</angle>
        <AttrList n="0"/>
        <time>
          <Time1>0:0:2 2022-09-04</Time1>
        </time>
      </boundingbox>
    </class>
    <class id="1">
      <boundingbox id="0" Inds_id="None">
        <x1>360</x1>
        <y1>130</y1>
        <x2>448</x2>
        <y2>289</y2>
        <w>88</w>
        <h>159</h>
        <angle>0</angle>
        <AttrList n="0"/>
        <time>
          <Time1>0:0:1 2022-09-04</Time1>
        </time>
      </boundingbox>
      <boundingbox id="1" Inds_id="None">
        <x1>3</x1>
        <y1>1</y1>
        <x2>594</x2>
        <y2>186</y2>
        <w>591</w>
        <h>185</h>
        <angle>0</angle>
        <AttrList n="0"/>
        <time>
          <Time1>0:0:3 2022-09-04</Time1>
        </time>
      </boundingbox>
      <boundingbox id="2" Inds_id="None">
        <x1>254</x1>
        <y1>225</y1>
        <x2>349</x2>
        <y2>478</y2>
        <w>95</w>
        <h>253</h>
        <angle>0</angle>
        <time>
          <Time1>0:0:1 2022-09-04</Time1>
        </time>
      </boundingbox>
    </class>
    <class id="2">
      <boundingbox id="0" Inds_id="None">
        <x1>480</x1>
        <y1>182</y1>
        <x2>496</x2>
        <y2>192</y2>
        <w>16</w>
        <h>10</h>
        <angle>0</angle>
        <AttrList n="0"/>
        <time>
          <Time1>0:0:1 2022-09-04</Time1>
        </time>
      </boundingbox>
      <boundingbox id="1" Inds_id="None">
        <x1>547</x1>
        <y1>232</y1>
        <x2>560</x2>
        <y2>250</y2>
        <w>13</w>
        <h>18</h>
        <angle>0</angle>
        <AttrList n="0"/>
        <time>
          <Time1>0:0:1 2022-09-04</Time1>
        </time>
      </boundingbox>
      <boundingbox id="2" Inds_id="None">
        <x1>529</x1>
        <y1>285</y1>
        <x2>541</x2>
        <y2>299</y2>
        <w>12</w>
        <h>14</h>
        <angle>0</angle>
        <AttrList n="0"/>
        <time>
          <Time1>0:0:1 2022-09-04</Time1>
        </time>
      </boundingbox>
    </class>
  </project>
</LabelingTool>
