<?xml version="1.0" encoding="UTF-8"?>
<LabelingTool version=" 2.10.6_10.12.13_6">
  <creator>RamyaP</creator>
  <Imagetype>Stadium interview</Imagetype>
  <project name="Robikart_BBox">
    <class id="0">
      <boundingbox id="0" Inds_id="None">
        <x1>502</x1>
        <y1>143</y1>
        <x2>639</x2>
        <y2>226</y2>
        <w>137</w>
        <h>83</h>
        <angle>0</angle>
        <AttrList n="0"/>
        <time>
          <Time1>0:0:3 2022-09-04</Time1>
        </time>
      </boundingbox>
      <boundingbox id="1" Inds_id="None">
        <x1>478</x1>
        <y1>213</y1>
        <x2>565</x2>
        <y2>282</y2>
        <w>87</w>
        <h>69</h>
        <angle>0</angle>
        <AttrList n="0"/>
        <time>
          <Time1>0:0:1 2022-09-04</Time1>
        </time>
      </boundingbox>
      <boundingbox id="2" Inds_id="None">
        <x1>477</x1>
        <y1>272</y1>
        <x2>547</x2>
        <y2>331</y2>
        <w>70</w>
        <h>59</h>
        <angle>0</angle>
        <AttrList n="0"/>
        <time>
          <Time1>0:0:4 2022-09-04</Time1>
        </time>
      </boundingbox>
      <boundingbox id="3" Inds_id="None">
        <x1>446</x1>
        <y1>192</y1>
        <x2>501</x2>
        <y2>267</y2>
        <w>55</w>
        <h>75</h>
        <angle>0</angle>
        <AttrList n="0"/>
        <time>
          <Time1>0:0:3 2022-09-04</Time1>
        </time>
      </boundingbox>
      <boundingbox id="4" Inds_id="None">
        <x1>56</x1>
        <y1>77</y1>
        <x2>123</x2>
        <y2>300</y2>
        <w>67</w>
        <h>223</h>
        <angle>0</angle>
        <AttrList n="0"/>
        <time>
          <Time1>0:0:2 2022-09-04</Time1>
        </time>
      </boundingbox>
    </class>
    <class id="1">
      <boundingbox id="0" Inds_id="None">
        <x1>358</x1>
        <y1>133</y1>
        <x2>448</x2>
        <y2>289</y2>
        <w>90</w>
        <h>156</h>
        <angle>0</angle>
        <AttrList n="0"/>
        <time>
          <Time1>0:0:1 2022-09-04</Time1>
        </time>
      </boundingbox>
      <boundingbox id="1" Inds_id="None">
        <x1>1</x1>
        <y1>1</y1>
        <x2>619</x2>
        <y2>133</y2>
        <w>618</w>
        <h>132</h>
        <angle>0</angle>
        <time>
          <Time1>0:0:3 2022-09-04</Time1>
        </time>
      </boundingbox>
    </class>
    <class id="2">
      <boundingbox id="0" Inds_id="None">
        <x1>547</x1>
        <y1>235</y1>
        <x2>558</x2>
        <y2>251</y2>
        <w>11</w>
        <h>16</h>
        <angle>0</angle>
        <AttrList n="0"/>
        <time>
          <Time1>0:0:1 2022-09-04</Time1>
        </time>
      </boundingbox>
      <boundingbox id="1" Inds_id="None">
        <x1>527</x1>
        <y1>295</y1>
        <x2>539</x2>
        <y2>310</y2>
        <w>12</w>
        <h>15</h>
        <angle>0</angle>
        <AttrList n="0"/>
        <time>
          <Time1>0:0:1 2022-09-04</Time1>
        </time>
      </boundingbox>
      <boundingbox id="2" Inds_id="None">
        <x1>482</x1>
        <y1>198</y1>
        <x2>500</x2>
        <y2>212</y2>
        <w>18</w>
        <h>14</h>
        <angle>0</angle>
        <AttrList n="0"/>
        <time>
          <Time1>0:0:1 2022-09-04</Time1>
        </time>
      </boundingbox>
      <boundingbox id="3" Inds_id="None">
        <x1>65</x1>
        <y1>89</y1>
        <x2>82</x2>
        <y2>128</y2>
        <w>17</w>
        <h>39</h>
        <angle>0</angle>
        <AttrList n="0"/>
        <time>
          <Time1>0:0:2 2022-09-04</Time1>
        </time>
      </boundingbox>
    </class>
  </project>
</LabelingTool>
