<?xml version="1.0" encoding="UTF-8"?>
<LabelingTool version=" 2.10.6_10.12.13_6">
  <creator>RamyaP</creator>
  <Imagetype>Stadium interview</Imagetype>
  <project name="Robikart_BBox">
    <class id="0">
      <boundingbox id="0" Inds_id="None">
        <x1>505</x1>
        <y1>133</y1>
        <x2>542</x2>
        <y2>231</y2>
        <w>37</w>
        <h>98</h>
        <angle>0</angle>
        <AttrList n="0"/>
        <time>
          <Time1>0:0:0 2022-09-04</Time1>
        </time>
      </boundingbox>
      <boundingbox id="1" Inds_id="None">
        <x1>490</x1>
        <y1>123</y1>
        <x2>509</x2>
        <y2>189</y2>
        <w>19</w>
        <h>66</h>
        <angle>0</angle>
        <AttrList n="0"/>
        <time>
          <Time1>0:0:1 2022-09-04</Time1>
        </time>
      </boundingbox>
      <boundingbox id="2" Inds_id="None">
        <x1>528</x1>
        <y1>138</y1>
        <x2>638</x2>
        <y2>224</y2>
        <w>110</w>
        <h>86</h>
        <angle>0</angle>
        <AttrList n="0"/>
        <time>
          <Time1>0:0:4 2022-09-04</Time1>
        </time>
      </boundingbox>
      <boundingbox id="3" Inds_id="None">
        <x1>492</x1>
        <y1>210</y1>
        <x2>567</x2>
        <y2>285</y2>
        <w>75</w>
        <h>75</h>
        <angle>0</angle>
        <AttrList n="0"/>
        <time>
          <Time1>0:0:2 2022-09-04</Time1>
        </time>
      </boundingbox>
      <boundingbox id="4" Inds_id="None">
        <x1>423</x1>
        <y1>169</y1>
        <x2>472</x2>
        <y2>259</y2>
        <w>49</w>
        <h>90</h>
        <angle>0</angle>
        <AttrList n="0"/>
        <time>
          <Time1>0:0:2 2022-09-04</Time1>
        </time>
      </boundingbox>
      <boundingbox id="5" Inds_id="None">
        <x1>481</x1>
        <y1>275</y1>
        <x2>547</x2>
        <y2>336</y2>
        <w>66</w>
        <h>61</h>
        <angle>0</angle>
        <AttrList n="0"/>
        <time>
          <Time1>0:0:4 2022-09-04</Time1>
        </time>
      </boundingbox>
      <boundingbox id="6" Inds_id="None">
        <x1>406</x1>
        <y1>174</y1>
        <x2>521</x2>
        <y2>325</y2>
        <w>115</w>
        <h>151</h>
        <angle>0</angle>
        <AttrList n="0"/>
        <time>
          <Time1>0:0:5 2022-09-04</Time1>
        </time>
      </boundingbox>
    </class>
    <class id="1">
      <boundingbox id="0" Inds_id="None">
        <x1>359</x1>
        <y1>132</y1>
        <x2>445</x2>
        <y2>286</y2>
        <w>86</w>
        <h>154</h>
        <angle>0</angle>
        <AttrList n="0"/>
        <time>
          <Time1>0:0:3 2022-09-04</Time1>
        </time>
      </boundingbox>
      <boundingbox id="1" Inds_id="None">
        <x1>1</x1>
        <y1>0</y1>
        <x2>635</x2>
        <y2>176</y2>
        <w>634</w>
        <h>176</h>
        <angle>0</angle>
        <AttrList n="0"/>
        <time>
          <Time1>0:0:7 2022-09-04</Time1>
        </time>
      </boundingbox>
      <boundingbox id="2" Inds_id="None">
        <x1>267</x1>
        <y1>396</y1>
        <x2>341</x2>
        <y2>479</y2>
        <w>74</w>
        <h>83</h>
        <angle>0</angle>
        <AttrList n="0"/>
        <time>
          <Time1>0:0:1 2022-09-04</Time1>
        </time>
      </boundingbox>
    </class>
    <class id="2">
      <boundingbox id="0" Inds_id="None">
        <x1>545</x1>
        <y1>231</y1>
        <x2>561</x2>
        <y2>246</y2>
        <w>16</w>
        <h>15</h>
        <angle>0</angle>
        <AttrList n="0"/>
        <time>
          <Time1>0:0:0 2022-09-04</Time1>
        </time>
      </boundingbox>
      <boundingbox id="1" Inds_id="None">
        <x1>526</x1>
        <y1>299</y1>
        <x2>537</x2>
        <y2>314</y2>
        <w>11</w>
        <h>15</h>
        <angle>0</angle>
        <AttrList n="0"/>
        <time>
          <Time1>0:0:1 2022-09-04</Time1>
        </time>
      </boundingbox>
      <boundingbox id="2" Inds_id="None">
        <x1>475</x1>
        <y1>197</y1>
        <x2>491</x2>
        <y2>225</y2>
        <w>16</w>
        <h>28</h>
        <angle>0</angle>
        <AttrList n="0"/>
        <time>
          <Time1>0:0:3 2022-09-04</Time1>
        </time>
      </boundingbox>
    </class>
  </project>
</LabelingTool>
