<?xml version="1.0" encoding="UTF-8"?>
<LabelingTool version=" 2.10.6_10.12.13_6">
  <creator>RamyaP</creator>
  <Imagetype>Stadium interview</Imagetype>
  <project name="Robikart_BBox">
    <class id="0">
      <boundingbox id="0" Inds_id="None">
        <x1>491</x1>
        <y1>158</y1>
        <x2>559</x2>
        <y2>192</y2>
        <w>68</w>
        <h>34</h>
        <angle>0</angle>
        <AttrList n="0"/>
        <time>
          <Time1>0:0:4 2022-09-04</Time1>
        </time>
      </boundingbox>
      <boundingbox id="1" Inds_id="None">
        <x1>513</x1>
        <y1>64</y1>
        <x2>571</x2>
        <y2>127</y2>
        <w>58</w>
        <h>63</h>
        <angle>0</angle>
        <AttrList n="0"/>
        <time>
          <Time1>0:0:2 2022-09-04</Time1>
        </time>
      </boundingbox>
      <boundingbox id="2" Inds_id="None">
        <x1>469</x1>
        <y1>87</y1>
        <x2>533</x2>
        <y2>155</y2>
        <w>64</w>
        <h>68</h>
        <angle>0</angle>
        <AttrList n="0"/>
        <time>
          <Time1>0:0:4 2022-09-04</Time1>
        </time>
      </boundingbox>
      <boundingbox id="3" Inds_id="None">
        <x1>505</x1>
        <y1>135</y1>
        <x2>581</x2>
        <y2>199</y2>
        <w>76</w>
        <h>64</h>
        <angle>0</angle>
        <AttrList n="0"/>
        <time>
          <Time1>0:0:2 2022-09-04</Time1>
        </time>
      </boundingbox>
      <boundingbox id="4" Inds_id="None">
        <x1>542</x1>
        <y1>109</y1>
        <x2>639</x2>
        <y2>343</y2>
        <w>97</w>
        <h>234</h>
        <angle>0</angle>
        <AttrList n="0"/>
        <time>
          <Time1>0:0:3 2022-09-04</Time1>
        </time>
      </boundingbox>
      <boundingbox id="5" Inds_id="None">
        <x1>514</x1>
        <y1>193</y1>
        <x2>572</x2>
        <y2>267</y2>
        <w>58</w>
        <h>74</h>
        <angle>0</angle>
        <AttrList n="0"/>
        <time>
          <Time1>0:0:1 2022-09-04</Time1>
        </time>
      </boundingbox>
      <boundingbox id="6" Inds_id="None">
        <x1>511</x1>
        <y1>252</y1>
        <x2>554</x2>
        <y2>278</y2>
        <w>43</w>
        <h>26</h>
        <angle>0</angle>
        <AttrList n="0"/>
        <time>
          <Time1>0:0:1 2022-09-04</Time1>
        </time>
      </boundingbox>
      <boundingbox id="7" Inds_id="None">
        <x1>456</x1>
        <y1>187</y1>
        <x2>531</x2>
        <y2>304</y2>
        <w>75</w>
        <h>117</h>
        <angle>0</angle>
        <AttrList n="0"/>
        <time>
          <Time1>0:0:4 2022-09-04</Time1>
        </time>
      </boundingbox>
      <boundingbox id="8" Inds_id="None">
        <x1>444</x1>
        <y1>167</y1>
        <x2>517</x2>
        <y2>317</y2>
        <w>73</w>
        <h>150</h>
        <angle>0</angle>
        <AttrList n="0"/>
        <time>
          <Time1>0:0:4 2022-09-04</Time1>
        </time>
      </boundingbox>
      <boundingbox id="9" Inds_id="None">
        <x1>436</x1>
        <y1>168</y1>
        <x2>479</x2>
        <y2>228</y2>
        <w>43</w>
        <h>60</h>
        <angle>0</angle>
        <AttrList n="0"/>
        <time>
          <Time1>0:0:3 2022-09-04</Time1>
        </time>
      </boundingbox>
      <boundingbox id="10" Inds_id="None">
        <x1>475</x1>
        <y1>279</y1>
        <x2>547</x2>
        <y2>334</y2>
        <w>72</w>
        <h>55</h>
        <angle>0</angle>
        <AttrList n="0"/>
        <time>
          <Time1>0:0:2 2022-09-04</Time1>
        </time>
      </boundingbox>
    </class>
    <class id="1">
      <boundingbox id="0" Inds_id="None">
        <x1>361</x1>
        <y1>132</y1>
        <x2>446</x2>
        <y2>240</y2>
        <w>85</w>
        <h>108</h>
        <angle>0</angle>
        <AttrList n="0"/>
        <time>
          <Time1>0:0:5 2022-09-04</Time1>
        </time>
      </boundingbox>
      <boundingbox id="1" Inds_id="None">
        <x1>1</x1>
        <y1>0</y1>
        <x2>635</x2>
        <y2>151</y2>
        <w>634</w>
        <h>151</h>
        <angle>0</angle>
        <AttrList n="0"/>
        <time>
          <Time1>0:0:8 2022-09-04</Time1>
        </time>
      </boundingbox>
      <boundingbox id="2" Inds_id="None">
        <x1>225</x1>
        <y1>302</y1>
        <x2>354</x2>
        <y2>478</y2>
        <w>129</w>
        <h>176</h>
        <angle>0</angle>
        <time>
          <Time1>0:0:18 2022-09-04</Time1>
        </time>
      </boundingbox>
    </class>
    <class id="2">
      <boundingbox id="0" Inds_id="None">
        <x1>615</x1>
        <y1>126</y1>
        <x2>632</x2>
        <y2>172</y2>
        <w>17</w>
        <h>46</h>
        <angle>0</angle>
        <AttrList n="0"/>
        <time>
          <Time1>0:0:1 2022-09-04</Time1>
        </time>
      </boundingbox>
      <boundingbox id="1" Inds_id="None">
        <x1>523</x1>
        <y1>298</y1>
        <x2>537</x2>
        <y2>315</y2>
        <w>14</w>
        <h>17</h>
        <angle>0</angle>
        <AttrList n="0"/>
        <time>
          <Time1>0:0:1 2022-09-04</Time1>
        </time>
      </boundingbox>
    </class>
  </project>
</LabelingTool>
