<?xml version="1.0" encoding="UTF-8"?>
<LabelingTool version=" 2.10.6_10.12.13_6">
  <creator>RamyaP</creator>
  <Imagetype>Stadium interview</Imagetype>
  <project name="Robikart_BBox">
    <class id="0">
      <boundingbox id="0" Inds_id="None">
        <x1>479</x1>
        <y1>160</y1>
        <x2>517</x2>
        <y2>241</y2>
        <w>38</w>
        <h>81</h>
        <angle>0</angle>
        <AttrList n="0"/>
        <time>
          <Time1>0:0:3 2022-09-04</Time1>
        </time>
      </boundingbox>
      <boundingbox id="1" Inds_id="None">
        <x1>505</x1>
        <y1>147</y1>
        <x2>539</x2>
        <y2>242</y2>
        <w>34</w>
        <h>95</h>
        <angle>0</angle>
        <AttrList n="0"/>
        <time>
          <Time1>0:0:4 2022-09-04</Time1>
        </time>
      </boundingbox>
      <boundingbox id="2" Inds_id="None">
        <x1>450</x1>
        <y1>188</y1>
        <x2>500</x2>
        <y2>266</y2>
        <w>50</w>
        <h>78</h>
        <angle>0</angle>
        <AttrList n="0"/>
        <time>
          <Time1>0:0:3 2022-09-04</Time1>
        </time>
      </boundingbox>
      <boundingbox id="3" Inds_id="None">
        <x1>476</x1>
        <y1>216</y1>
        <x2>565</x2>
        <y2>282</y2>
        <w>89</w>
        <h>66</h>
        <angle>0</angle>
        <AttrList n="0"/>
        <time>
          <Time1>0:0:3 2022-09-04</Time1>
        </time>
      </boundingbox>
      <boundingbox id="4" Inds_id="None">
        <x1>476</x1>
        <y1>277</y1>
        <x2>544</x2>
        <y2>334</y2>
        <w>68</w>
        <h>57</h>
        <angle>0</angle>
        <AttrList n="0"/>
        <time>
          <Time1>0:0:3 2022-09-04</Time1>
        </time>
      </boundingbox>
      <boundingbox id="5" Inds_id="None">
        <x1>529</x1>
        <y1>144</y1>
        <x2>640</x2>
        <y2>230</y2>
        <w>111</w>
        <h>86</h>
        <angle>0</angle>
        <AttrList n="0"/>
        <time>
          <Time1>0:0:0 2022-09-04</Time1>
        </time>
      </boundingbox>
    </class>
    <class id="1">
      <boundingbox id="0" Inds_id="None">
        <x1>360</x1>
        <y1>132</y1>
        <x2>447</x2>
        <y2>289</y2>
        <w>87</w>
        <h>157</h>
        <angle>0</angle>
        <AttrList n="0"/>
        <time>
          <Time1>0:0:0 2022-09-04</Time1>
        </time>
      </boundingbox>
      <boundingbox id="1" Inds_id="None">
        <x1>236</x1>
        <y1>0</y1>
        <x2>337</x2>
        <y2>144</y2>
        <w>101</w>
        <h>144</h>
        <angle>0</angle>
        <AttrList n="0"/>
        <time>
          <Time1>0:0:1 2022-09-04</Time1>
        </time>
      </boundingbox>
      <boundingbox id="2" Inds_id="None">
        <x1>160</x1>
        <y1>264</y1>
        <x2>404</x2>
        <y2>476</y2>
        <w>244</w>
        <h>212</h>
        <angle>0</angle>
        <time>
          <Time1>0:0:3 2022-09-04</Time1>
        </time>
      </boundingbox>
    </class>
    <class id="2">
      <boundingbox id="0" Inds_id="None">
        <x1>548</x1>
        <y1>233</y1>
        <x2>559</x2>
        <y2>250</y2>
        <w>11</w>
        <h>17</h>
        <angle>0</angle>
        <AttrList n="0"/>
        <time>
          <Time1>0:0:1 2022-09-04</Time1>
        </time>
      </boundingbox>
      <boundingbox id="1" Inds_id="None">
        <x1>526</x1>
        <y1>299</y1>
        <x2>538</x2>
        <y2>313</y2>
        <w>12</w>
        <h>14</h>
        <angle>0</angle>
        <AttrList n="0"/>
        <time>
          <Time1>0:0:1 2022-09-04</Time1>
        </time>
      </boundingbox>
      <boundingbox id="2" Inds_id="None">
        <x1>480</x1>
        <y1>197</y1>
        <x2>497</x2>
        <y2>210</y2>
        <w>17</w>
        <h>13</h>
        <angle>0</angle>
        <AttrList n="0"/>
        <time>
          <Time1>0:0:1 2022-09-04</Time1>
        </time>
      </boundingbox>
    </class>
  </project>
</LabelingTool>
