<?xml version="1.0" encoding="UTF-8"?>
<LabelingTool version=" 2.10.6_10.12.13_6">
  <creator>RamyaP</creator>
  <Imagetype>Stadium interview</Imagetype>
  <project name="Robikart_BBox">
    <class id="0">
      <boundingbox id="0" Inds_id="None">
        <x1>490</x1>
        <y1>133</y1>
        <x2>574</x2>
        <y2>231</y2>
        <w>84</w>
        <h>98</h>
        <angle>0</angle>
        <AttrList n="0"/>
        <time>
          <Time1>0:0:3 2022-09-04</Time1>
        </time>
      </boundingbox>
      <boundingbox id="1" Inds_id="None">
        <x1>103</x1>
        <y1>183</y1>
        <x2>306</x2>
        <y2>321</y2>
        <w>203</w>
        <h>138</h>
        <angle>0</angle>
        <AttrList n="0"/>
        <time>
          <Time1>0:0:1 2022-09-04</Time1>
        </time>
      </boundingbox>
    </class>
    <class id="1">
      <boundingbox id="0" Inds_id="None">
        <x1>356</x1>
        <y1>133</y1>
        <x2>449</x2>
        <y2>291</y2>
        <w>93</w>
        <h>158</h>
        <angle>0</angle>
        <AttrList n="0"/>
        <time>
          <Time1>0:0:3 2022-09-04</Time1>
        </time>
      </boundingbox>
      <boundingbox id="1" Inds_id="None">
        <x1>1</x1>
        <y1>0</y1>
        <x2>635</x2>
        <y2>134</y2>
        <w>634</w>
        <h>134</h>
        <angle>0</angle>
        <AttrList n="0"/>
        <time>
          <Time1>0:0:5 2022-09-04</Time1>
        </time>
      </boundingbox>
      <boundingbox id="2" Inds_id="None">
        <x1>252</x1>
        <y1>318</y1>
        <x2>308</x2>
        <y2>478</y2>
        <w>56</w>
        <h>160</h>
        <angle>0</angle>
        <time>
          <Time1>0:0:3 2022-09-04</Time1>
        </time>
      </boundingbox>
    </class>
    <class id="2">
      <boundingbox id="0" Inds_id="None">
        <x1>141</x1>
        <y1>213</y1>
        <x2>203</x2>
        <y2>292</y2>
        <w>62</w>
        <h>79</h>
        <angle>0</angle>
        <AttrList n="0"/>
        <time>
          <Time1>0:0:1 2022-09-04</Time1>
        </time>
      </boundingbox>
    </class>
  </project>
</LabelingTool>
