<?xml version="1.0" encoding="UTF-8"?>
<LabelingTool version=" 2.10.6_10.12.13_6">
  <creator>RamyaP</creator>
  <Imagetype>Stadium interview</Imagetype>
  <project name="Robikart_BBox">
    <class id="0">
      <boundingbox id="0" Inds_id="None">
        <x1>490</x1>
        <y1>133</y1>
        <x2>574</x2>
        <y2>215</y2>
        <w>84</w>
        <h>82</h>
        <angle>0</angle>
        <AttrList n="0"/>
        <time>
          <Time1>0:0:3 2022-09-04</Time1>
        </time>
      </boundingbox>
      <boundingbox id="1" Inds_id="None">
        <x1>473</x1>
        <y1>213</y1>
        <x2>568</x2>
        <y2>277</y2>
        <w>95</w>
        <h>64</h>
        <angle>0</angle>
        <AttrList n="0"/>
        <time>
          <Time1>0:0:3 2022-09-04</Time1>
        </time>
      </boundingbox>
      <boundingbox id="2" Inds_id="None">
        <x1>480</x1>
        <y1>267</y1>
        <x2>553</x2>
        <y2>314</y2>
        <w>73</w>
        <h>47</h>
        <angle>0</angle>
        <AttrList n="0"/>
        <time>
          <Time1>0:0:1 2022-09-04</Time1>
        </time>
      </boundingbox>
      <boundingbox id="3" Inds_id="None">
        <x1>272</x1>
        <y1>159</y1>
        <x2>410</x2>
        <y2>228</y2>
        <w>138</w>
        <h>69</h>
        <angle>0</angle>
        <AttrList n="0"/>
        <time>
          <Time1>0:0:1 2022-09-04</Time1>
        </time>
      </boundingbox>
    </class>
    <class id="1">
      <boundingbox id="0" Inds_id="None">
        <x1>354</x1>
        <y1>132</y1>
        <x2>447</x2>
        <y2>291</y2>
        <w>93</w>
        <h>159</h>
        <angle>0</angle>
        <AttrList n="0"/>
        <time>
          <Time1>0:0:3 2022-09-04</Time1>
        </time>
      </boundingbox>
      <boundingbox id="1" Inds_id="None">
        <x1>1</x1>
        <y1>0</y1>
        <x2>635</x2>
        <y2>142</y2>
        <w>634</w>
        <h>142</h>
        <angle>0</angle>
        <AttrList n="0"/>
        <time>
          <Time1>0:0:10 2022-09-04</Time1>
        </time>
      </boundingbox>
      <boundingbox id="2" Inds_id="None">
        <x1>230</x1>
        <y1>276</y1>
        <x2>301</x2>
        <y2>480</y2>
        <w>71</w>
        <h>204</h>
        <angle>0</angle>
        <time>
          <Time1>0:0:3 2022-09-04</Time1>
        </time>
      </boundingbox>
    </class>
    <class id="2">
      <boundingbox id="0" Inds_id="None">
        <x1>551</x1>
        <y1>240</y1>
        <x2>561</x2>
        <y2>261</y2>
        <w>10</w>
        <h>21</h>
        <angle>0</angle>
        <AttrList n="0"/>
        <time>
          <Time1>0:0:1 2022-09-04</Time1>
        </time>
      </boundingbox>
      <boundingbox id="1" Inds_id="None">
        <x1>531</x1>
        <y1>278</y1>
        <x2>543</x2>
        <y2>291</y2>
        <w>12</w>
        <h>13</h>
        <angle>0</angle>
        <AttrList n="0"/>
        <time>
          <Time1>0:0:1 2022-09-04</Time1>
        </time>
      </boundingbox>
      <boundingbox id="2" Inds_id="None">
        <x1>385</x1>
        <y1>182</y1>
        <x2>404</x2>
        <y2>216</y2>
        <w>19</w>
        <h>34</h>
        <angle>0</angle>
        <AttrList n="0"/>
        <time>
          <Time1>0:0:1 2022-09-04</Time1>
        </time>
      </boundingbox>
    </class>
  </project>
</LabelingTool>
