<?xml version="1.0" encoding="UTF-8"?>
<LabelingTool version=" 2.10.6_10.12.13_6">
  <creator>RamyaP</creator>
  <Imagetype>Stadium interview</Imagetype>
  <project name="Robikart_BBox">
    <class id="0">
      <boundingbox id="0" Inds_id="None">
        <x1>489</x1>
        <y1>121</y1>
        <x2>506</x2>
        <y2>173</y2>
        <w>17</w>
        <h>52</h>
        <angle>0</angle>
        <AttrList n="0"/>
        <time>
          <Time1>0:0:1 2022-09-04</Time1>
        </time>
      </boundingbox>
      <boundingbox id="1" Inds_id="None">
        <x1>498</x1>
        <y1>156</y1>
        <x2>553</x2>
        <y2>195</y2>
        <w>55</w>
        <h>39</h>
        <angle>0</angle>
        <AttrList n="0"/>
        <time>
          <Time1>0:0:3 2022-09-04</Time1>
        </time>
      </boundingbox>
      <boundingbox id="2" Inds_id="None">
        <x1>422</x1>
        <y1>166</y1>
        <x2>475</x2>
        <y2>255</y2>
        <w>53</w>
        <h>89</h>
        <angle>0</angle>
        <AttrList n="0"/>
        <time>
          <Time1>0:0:2 2022-09-04</Time1>
        </time>
      </boundingbox>
      <boundingbox id="3" Inds_id="None">
        <x1>494</x1>
        <y1>194</y1>
        <x2>554</x2>
        <y2>253</y2>
        <w>60</w>
        <h>59</h>
        <angle>0</angle>
        <AttrList n="0"/>
        <time>
          <Time1>0:0:2 2022-09-04</Time1>
        </time>
      </boundingbox>
      <boundingbox id="4" Inds_id="None">
        <x1>506</x1>
        <y1>136</y1>
        <x2>556</x2>
        <y2>165</y2>
        <w>50</w>
        <h>29</h>
        <angle>0</angle>
        <AttrList n="0"/>
        <time>
          <Time1>0:0:2 2022-09-04</Time1>
        </time>
      </boundingbox>
      <boundingbox id="5" Inds_id="None">
        <x1>490</x1>
        <y1>241</y1>
        <x2>550</x2>
        <y2>284</y2>
        <w>60</w>
        <h>43</h>
        <angle>0</angle>
        <AttrList n="0"/>
        <time>
          <Time1>0:0:1 2022-09-04</Time1>
        </time>
      </boundingbox>
      <boundingbox id="6" Inds_id="None">
        <x1>475</x1>
        <y1>277</y1>
        <x2>543</x2>
        <y2>334</y2>
        <w>68</w>
        <h>57</h>
        <angle>0</angle>
        <AttrList n="0"/>
        <time>
          <Time1>0:0:3 2022-09-04</Time1>
        </time>
      </boundingbox>
      <boundingbox id="7" Inds_id="None">
        <x1>411</x1>
        <y1>167</y1>
        <x2>519</x2>
        <y2>316</y2>
        <w>108</w>
        <h>149</h>
        <angle>0</angle>
        <AttrList n="0"/>
        <time>
          <Time1>0:0:4 2022-09-04</Time1>
        </time>
      </boundingbox>
      <boundingbox id="8" Inds_id="None">
        <x1>537</x1>
        <y1>120</y1>
        <x2>639</x2>
        <y2>333</y2>
        <w>102</w>
        <h>213</h>
        <angle>0</angle>
        <AttrList n="0"/>
        <time>
          <Time1>0:0:6 2022-09-04</Time1>
        </time>
      </boundingbox>
      <boundingbox id="9" Inds_id="None">
        <x1>153</x1>
        <y1>85</y1>
        <x2>223</x2>
        <y2>248</y2>
        <w>70</w>
        <h>163</h>
        <angle>0</angle>
        <AttrList n="0"/>
        <time>
          <Time1>0:0:2 2022-09-04</Time1>
        </time>
      </boundingbox>
    </class>
    <class id="1">
      <boundingbox id="0" Inds_id="None">
        <x1>358</x1>
        <y1>131</y1>
        <x2>446</x2>
        <y2>285</y2>
        <w>88</w>
        <h>154</h>
        <angle>0</angle>
        <AttrList n="0"/>
        <time>
          <Time1>0:0:2 2022-09-04</Time1>
        </time>
      </boundingbox>
      <boundingbox id="1" Inds_id="None">
        <x1>1</x1>
        <y1>0</y1>
        <x2>635</x2>
        <y2>135</y2>
        <w>634</w>
        <h>135</h>
        <angle>0</angle>
        <AttrList n="0"/>
        <time>
          <Time1>0:0:32 2022-09-04</Time1>
        </time>
      </boundingbox>
      <boundingbox id="2" Inds_id="None">
        <x1>225</x1>
        <y1>320</y1>
        <x2>354</x2>
        <y2>480</y2>
        <w>129</w>
        <h>160</h>
        <angle>0</angle>
        <time>
          <Time1>0:0:7 2022-09-04</Time1>
        </time>
      </boundingbox>
    </class>
    <class id="2">
      <boundingbox id="0" Inds_id="None">
        <x1>589</x1>
        <y1>129</y1>
        <x2>607</x2>
        <y2>166</y2>
        <w>18</w>
        <h>37</h>
        <angle>0</angle>
        <AttrList n="0"/>
        <time>
          <Time1>0:0:1 2022-09-04</Time1>
        </time>
      </boundingbox>
      <boundingbox id="1" Inds_id="None">
        <x1>476</x1>
        <y1>195</y1>
        <x2>494</x2>
        <y2>224</y2>
        <w>18</w>
        <h>29</h>
        <angle>0</angle>
        <AttrList n="0"/>
        <time>
          <Time1>0:0:1 2022-09-04</Time1>
        </time>
      </boundingbox>
      <boundingbox id="2" Inds_id="None">
        <x1>524</x1>
        <y1>298</y1>
        <x2>541</x2>
        <y2>315</y2>
        <w>17</w>
        <h>17</h>
        <angle>0</angle>
        <AttrList n="0"/>
        <time>
          <Time1>0:0:3 2022-09-04</Time1>
        </time>
      </boundingbox>
      <boundingbox id="3" Inds_id="None">
        <x1>158</x1>
        <y1>173</y1>
        <x2>185</x2>
        <y2>214</y2>
        <w>27</w>
        <h>41</h>
        <angle>0</angle>
        <AttrList n="0"/>
        <time>
          <Time1>0:0:1 2022-09-04</Time1>
        </time>
      </boundingbox>
    </class>
  </project>
</LabelingTool>
