<?xml version="1.0" encoding="UTF-8"?>
<LabelingTool version=" 2.10.6_10.12.13_6">
  <creator>RamyaP</creator>
  <Imagetype>Stadium interview</Imagetype>
  <project name="Robikart_BBox">
    <class id="0">
      <boundingbox id="0" Inds_id="None">
        <x1>503</x1>
        <y1>145</y1>
        <x2>639</x2>
        <y2>226</y2>
        <w>136</w>
        <h>81</h>
        <angle>0</angle>
        <AttrList n="0"/>
        <time>
          <Time1>0:0:0 2022-09-04</Time1>
        </time>
      </boundingbox>
      <boundingbox id="1" Inds_id="None">
        <x1>474</x1>
        <y1>214</y1>
        <x2>565</x2>
        <y2>283</y2>
        <w>91</w>
        <h>69</h>
        <angle>0</angle>
        <AttrList n="0"/>
        <time>
          <Time1>0:0:3 2022-09-04</Time1>
        </time>
      </boundingbox>
      <boundingbox id="2" Inds_id="None">
        <x1>475</x1>
        <y1>275</y1>
        <x2>545</x2>
        <y2>331</y2>
        <w>70</w>
        <h>56</h>
        <angle>0</angle>
        <AttrList n="0"/>
        <time>
          <Time1>0:0:2 2022-09-04</Time1>
        </time>
      </boundingbox>
      <boundingbox id="3" Inds_id="None">
        <x1>451</x1>
        <y1>192</y1>
        <x2>503</x2>
        <y2>267</y2>
        <w>52</w>
        <h>75</h>
        <angle>0</angle>
        <AttrList n="0"/>
        <time>
          <Time1>0:0:3 2022-09-04</Time1>
        </time>
      </boundingbox>
      <boundingbox id="4" Inds_id="None">
        <x1>433</x1>
        <y1>92</y1>
        <x2>532</x2>
        <y2>258</y2>
        <w>99</w>
        <h>166</h>
        <angle>0</angle>
        <AttrList n="0"/>
        <time>
          <Time1>0:0:3 2022-09-04</Time1>
        </time>
      </boundingbox>
    </class>
    <class id="1">
      <boundingbox id="0" Inds_id="None">
        <x1>359</x1>
        <y1>130</y1>
        <x2>448</x2>
        <y2>290</y2>
        <w>89</w>
        <h>160</h>
        <angle>0</angle>
        <AttrList n="0"/>
        <time>
          <Time1>0:0:3 2022-09-04</Time1>
        </time>
      </boundingbox>
      <boundingbox id="1" Inds_id="None">
        <x1>6</x1>
        <y1>0</y1>
        <x2>573</x2>
        <y2>150</y2>
        <w>567</w>
        <h>150</h>
        <angle>0</angle>
        <time>
          <Time1>0:0:4 2022-09-04</Time1>
        </time>
      </boundingbox>
    </class>
    <class id="2">
      <boundingbox id="0" Inds_id="None">
        <x1>545</x1>
        <y1>233</y1>
        <x2>558</x2>
        <y2>252</y2>
        <w>13</w>
        <h>19</h>
        <angle>0</angle>
        <AttrList n="0"/>
        <time>
          <Time1>0:0:3 2022-09-04</Time1>
        </time>
      </boundingbox>
      <boundingbox id="1" Inds_id="None">
        <x1>526</x1>
        <y1>293</y1>
        <x2>538</x2>
        <y2>310</y2>
        <w>12</w>
        <h>17</h>
        <angle>0</angle>
        <AttrList n="0"/>
        <time>
          <Time1>0:0:1 2022-09-04</Time1>
        </time>
      </boundingbox>
      <boundingbox id="2" Inds_id="None">
        <x1>485</x1>
        <y1>197</y1>
        <x2>499</x2>
        <y2>208</y2>
        <w>14</w>
        <h>11</h>
        <angle>0</angle>
        <AttrList n="0"/>
        <time>
          <Time1>0:0:0 2022-09-04</Time1>
        </time>
      </boundingbox>
    </class>
  </project>
</LabelingTool>
