<?xml version="1.0" encoding="UTF-8"?>
<LabelingTool version=" 2.10.6_10.12.13_6">
  <creator>RamyaP</creator>
  <Imagetype>Stadium interview</Imagetype>
  <project name="Robikart_BBox">
    <class id="0">
      <boundingbox id="0" Inds_id="None">
        <x1>513</x1>
        <y1>60</y1>
        <x2>574</x2>
        <y2>128</y2>
        <w>61</w>
        <h>68</h>
        <angle>0</angle>
        <AttrList n="0"/>
        <time>
          <Time1>0:0:2 2022-09-04</Time1>
        </time>
      </boundingbox>
      <boundingbox id="1" Inds_id="None">
        <x1>505</x1>
        <y1>135</y1>
        <x2>577</x2>
        <y2>201</y2>
        <w>72</w>
        <h>66</h>
        <angle>0</angle>
        <AttrList n="0"/>
        <time>
          <Time1>0:0:2 2022-09-04</Time1>
        </time>
      </boundingbox>
      <boundingbox id="2" Inds_id="None">
        <x1>500</x1>
        <y1>156</y1>
        <x2>558</x2>
        <y2>192</y2>
        <w>58</w>
        <h>36</h>
        <angle>0</angle>
        <AttrList n="0"/>
        <time>
          <Time1>0:0:3 2022-09-04</Time1>
        </time>
      </boundingbox>
      <boundingbox id="3" Inds_id="None">
        <x1>490</x1>
        <y1>121</y1>
        <x2>507</x2>
        <y2>181</y2>
        <w>17</w>
        <h>60</h>
        <angle>0</angle>
        <AttrList n="0"/>
        <time>
          <Time1>0:0:2 2022-09-04</Time1>
        </time>
      </boundingbox>
      <boundingbox id="4" Inds_id="None">
        <x1>515</x1>
        <y1>194</y1>
        <x2>571</x2>
        <y2>260</y2>
        <w>56</w>
        <h>66</h>
        <angle>0</angle>
        <AttrList n="0"/>
        <time>
          <Time1>0:0:5 2022-09-04</Time1>
        </time>
      </boundingbox>
      <boundingbox id="5" Inds_id="None">
        <x1>488</x1>
        <y1>239</y1>
        <x2>561</x2>
        <y2>284</y2>
        <w>73</w>
        <h>45</h>
        <angle>0</angle>
        <AttrList n="0"/>
        <time>
          <Time1>0:0:2 2022-09-04</Time1>
        </time>
      </boundingbox>
      <boundingbox id="6" Inds_id="None">
        <x1>478</x1>
        <y1>278</y1>
        <x2>545</x2>
        <y2>334</y2>
        <w>67</w>
        <h>56</h>
        <angle>0</angle>
        <AttrList n="0"/>
        <time>
          <Time1>0:0:3 2022-09-04</Time1>
        </time>
      </boundingbox>
      <boundingbox id="7" Inds_id="None">
        <x1>423</x1>
        <y1>166</y1>
        <x2>478</x2>
        <y2>252</y2>
        <w>55</w>
        <h>86</h>
        <angle>0</angle>
        <AttrList n="0"/>
        <time>
          <Time1>0:0:1 2022-09-04</Time1>
        </time>
      </boundingbox>
      <boundingbox id="8" Inds_id="None">
        <x1>411</x1>
        <y1>164</y1>
        <x2>529</x2>
        <y2>315</y2>
        <w>118</w>
        <h>151</h>
        <angle>0</angle>
        <AttrList n="0"/>
        <time>
          <Time1>0:0:3 2022-09-04</Time1>
        </time>
      </boundingbox>
      <boundingbox id="9" Inds_id="None">
        <x1>540</x1>
        <y1>111</y1>
        <x2>638</x2>
        <y2>342</y2>
        <w>98</w>
        <h>231</h>
        <angle>0</angle>
        <AttrList n="0"/>
        <time>
          <Time1>0:0:5 2022-09-04</Time1>
        </time>
      </boundingbox>
      <boundingbox id="10" Inds_id="None">
        <x1>123</x1>
        <y1>70</y1>
        <x2>387</x2>
        <y2>333</y2>
        <w>264</w>
        <h>263</h>
        <angle>0</angle>
        <AttrList n="0"/>
        <time>
          <Time1>0:0:4 2022-09-04</Time1>
        </time>
      </boundingbox>
    </class>
    <class id="1">
      <boundingbox id="0" Inds_id="None">
        <x1>359</x1>
        <y1>129</y1>
        <x2>448</x2>
        <y2>286</y2>
        <w>89</w>
        <h>157</h>
        <angle>0</angle>
        <AttrList n="0"/>
        <time>
          <Time1>0:0:2 2022-09-04</Time1>
        </time>
      </boundingbox>
      <boundingbox id="1" Inds_id="None">
        <x1>1</x1>
        <y1>0</y1>
        <x2>635</x2>
        <y2>135</y2>
        <w>634</w>
        <h>135</h>
        <angle>0</angle>
        <AttrList n="0"/>
        <time>
          <Time1>0:0:11 2022-09-04</Time1>
        </time>
      </boundingbox>
      <boundingbox id="2" Inds_id="None">
        <x1>246</x1>
        <y1>336</y1>
        <x2>316</x2>
        <y2>480</y2>
        <w>70</w>
        <h>144</h>
        <angle>0</angle>
        <time>
          <Time1>0:0:2 2022-09-04</Time1>
        </time>
      </boundingbox>
    </class>
    <class id="2">
      <boundingbox id="0" Inds_id="None">
        <x1>476</x1>
        <y1>194</y1>
        <x2>494</x2>
        <y2>224</y2>
        <w>18</w>
        <h>30</h>
        <angle>0</angle>
        <AttrList n="0"/>
        <time>
          <Time1>0:0:1 2022-09-04</Time1>
        </time>
      </boundingbox>
      <boundingbox id="1" Inds_id="None">
        <x1>612</x1>
        <y1>129</y1>
        <x2>632</x2>
        <y2>170</y2>
        <w>20</w>
        <h>41</h>
        <angle>0</angle>
        <AttrList n="0"/>
        <time>
          <Time1>0:0:2 2022-09-04</Time1>
        </time>
      </boundingbox>
      <boundingbox id="2" Inds_id="None">
        <x1>522</x1>
        <y1>299</y1>
        <x2>538</x2>
        <y2>317</y2>
        <w>16</w>
        <h>18</h>
        <angle>0</angle>
        <AttrList n="0"/>
        <time>
          <Time1>0:0:1 2022-09-04</Time1>
        </time>
      </boundingbox>
      <boundingbox id="3" Inds_id="None">
        <x1>264</x1>
        <y1>89</y1>
        <x2>290</x2>
        <y2>135</y2>
        <w>26</w>
        <h>46</h>
        <angle>0</angle>
        <AttrList n="0"/>
        <time>
          <Time1>0:0:1 2022-09-04</Time1>
        </time>
      </boundingbox>
    </class>
  </project>
</LabelingTool>
