<?xml version="1.0" encoding="UTF-8"?>
<LabelingTool version=" 2.10.6_10.12.13_6">
  <creator>RamyaP</creator>
  <Imagetype>Stadium interview</Imagetype>
  <project name="Robikart_BBox">
    <class id="0">
      <boundingbox id="0" Inds_id="None">
        <x1>492</x1>
        <y1>135</y1>
        <x2>505</x2>
        <y2>191</y2>
        <w>13</w>
        <h>56</h>
        <angle>0</angle>
        <AttrList n="0"/>
        <time>
          <Time1>0:0:3 2022-09-04</Time1>
        </time>
      </boundingbox>
      <boundingbox id="1" Inds_id="None">
        <x1>505</x1>
        <y1>140</y1>
        <x2>542</x2>
        <y2>235</y2>
        <w>37</w>
        <h>95</h>
        <angle>0</angle>
        <AttrList n="0"/>
        <time>
          <Time1>0:0:4 2022-09-04</Time1>
        </time>
      </boundingbox>
      <boundingbox id="2" Inds_id="None">
        <x1>448</x1>
        <y1>191</y1>
        <x2>500</x2>
        <y2>270</y2>
        <w>52</w>
        <h>79</h>
        <angle>0</angle>
        <AttrList n="0"/>
        <time>
          <Time1>0:0:3 2022-09-04</Time1>
        </time>
      </boundingbox>
      <boundingbox id="3" Inds_id="None">
        <x1>476</x1>
        <y1>216</y1>
        <x2>565</x2>
        <y2>282</y2>
        <w>89</w>
        <h>66</h>
        <angle>0</angle>
        <AttrList n="0"/>
        <time>
          <Time1>0:0:3 2022-09-04</Time1>
        </time>
      </boundingbox>
      <boundingbox id="4" Inds_id="None">
        <x1>476</x1>
        <y1>275</y1>
        <x2>544</x2>
        <y2>334</y2>
        <w>68</w>
        <h>59</h>
        <angle>0</angle>
        <AttrList n="0"/>
        <time>
          <Time1>0:0:3 2022-09-04</Time1>
        </time>
      </boundingbox>
      <boundingbox id="5" Inds_id="None">
        <x1>524</x1>
        <y1>144</y1>
        <x2>639</x2>
        <y2>226</y2>
        <w>115</w>
        <h>82</h>
        <angle>0</angle>
        <AttrList n="0"/>
        <time>
          <Time1>0:0:0 2022-09-04</Time1>
        </time>
      </boundingbox>
    </class>
    <class id="1">
      <boundingbox id="0" Inds_id="None">
        <x1>360</x1>
        <y1>132</y1>
        <x2>447</x2>
        <y2>289</y2>
        <w>87</w>
        <h>157</h>
        <angle>0</angle>
        <AttrList n="0"/>
        <time>
          <Time1>0:0:0 2022-09-04</Time1>
        </time>
      </boundingbox>
      <boundingbox id="1" Inds_id="None">
        <x1>0</x1>
        <y1>0</y1>
        <x2>634</x2>
        <y2>158</y2>
        <w>634</w>
        <h>158</h>
        <angle>0</angle>
        <time>
          <Time1>0:0:7 2022-09-04</Time1>
        </time>
      </boundingbox>
    </class>
    <class id="2">
      <boundingbox id="0" Inds_id="None">
        <x1>548</x1>
        <y1>233</y1>
        <x2>559</x2>
        <y2>250</y2>
        <w>11</w>
        <h>17</h>
        <angle>0</angle>
        <AttrList n="0"/>
        <time>
          <Time1>0:0:1 2022-09-04</Time1>
        </time>
      </boundingbox>
      <boundingbox id="1" Inds_id="None">
        <x1>526</x1>
        <y1>299</y1>
        <x2>538</x2>
        <y2>313</y2>
        <w>12</w>
        <h>14</h>
        <angle>0</angle>
        <AttrList n="0"/>
        <time>
          <Time1>0:0:1 2022-09-04</Time1>
        </time>
      </boundingbox>
      <boundingbox id="2" Inds_id="None">
        <x1>480</x1>
        <y1>197</y1>
        <x2>497</x2>
        <y2>210</y2>
        <w>17</w>
        <h>13</h>
        <angle>0</angle>
        <AttrList n="0"/>
        <time>
          <Time1>0:0:1 2022-09-04</Time1>
        </time>
      </boundingbox>
    </class>
  </project>
</LabelingTool>
