<?xml version="1.0" encoding="UTF-8"?>
<LabelingTool version=" 2.10.6_10.12.13_6">
  <creator>RamyaP</creator>
  <Imagetype>Stadium interview</Imagetype>
  <project name="Robikart_BBox">
    <class id="0">
      <boundingbox id="0" Inds_id="None">
        <x1>496</x1>
        <y1>158</y1>
        <x2>559</x2>
        <y2>192</y2>
        <w>63</w>
        <h>34</h>
        <angle>0</angle>
        <AttrList n="0"/>
        <time>
          <Time1>0:0:4 2022-09-04</Time1>
        </time>
      </boundingbox>
      <boundingbox id="1" Inds_id="None">
        <x1>513</x1>
        <y1>64</y1>
        <x2>571</x2>
        <y2>127</y2>
        <w>58</w>
        <h>63</h>
        <angle>0</angle>
        <AttrList n="0"/>
        <time>
          <Time1>0:0:2 2022-09-04</Time1>
        </time>
      </boundingbox>
      <boundingbox id="2" Inds_id="None">
        <x1>505</x1>
        <y1>135</y1>
        <x2>581</x2>
        <y2>199</y2>
        <w>76</w>
        <h>64</h>
        <angle>0</angle>
        <AttrList n="0"/>
        <time>
          <Time1>0:0:2 2022-09-04</Time1>
        </time>
      </boundingbox>
      <boundingbox id="3" Inds_id="None">
        <x1>542</x1>
        <y1>109</y1>
        <x2>639</x2>
        <y2>343</y2>
        <w>97</w>
        <h>234</h>
        <angle>0</angle>
        <AttrList n="0"/>
        <time>
          <Time1>0:0:3 2022-09-04</Time1>
        </time>
      </boundingbox>
      <boundingbox id="4" Inds_id="None">
        <x1>514</x1>
        <y1>193</y1>
        <x2>572</x2>
        <y2>267</y2>
        <w>58</w>
        <h>74</h>
        <angle>0</angle>
        <AttrList n="0"/>
        <time>
          <Time1>0:0:1 2022-09-04</Time1>
        </time>
      </boundingbox>
      <boundingbox id="5" Inds_id="None">
        <x1>488</x1>
        <y1>241</y1>
        <x2>554</x2>
        <y2>283</y2>
        <w>66</w>
        <h>42</h>
        <angle>0</angle>
        <AttrList n="0"/>
        <time>
          <Time1>0:0:1 2022-09-04</Time1>
        </time>
      </boundingbox>
      <boundingbox id="6" Inds_id="None">
        <x1>408</x1>
        <y1>167</y1>
        <x2>528</x2>
        <y2>317</y2>
        <w>120</w>
        <h>150</h>
        <angle>0</angle>
        <AttrList n="0"/>
        <time>
          <Time1>0:0:4 2022-09-04</Time1>
        </time>
      </boundingbox>
      <boundingbox id="7" Inds_id="None">
        <x1>420</x1>
        <y1>168</y1>
        <x2>479</x2>
        <y2>256</y2>
        <w>59</w>
        <h>88</h>
        <angle>0</angle>
        <AttrList n="0"/>
        <time>
          <Time1>0:0:3 2022-09-04</Time1>
        </time>
      </boundingbox>
      <boundingbox id="8" Inds_id="None">
        <x1>475</x1>
        <y1>279</y1>
        <x2>547</x2>
        <y2>334</y2>
        <w>72</w>
        <h>55</h>
        <angle>0</angle>
        <AttrList n="0"/>
        <time>
          <Time1>0:0:2 2022-09-04</Time1>
        </time>
      </boundingbox>
      <boundingbox id="9" Inds_id="None">
        <x1>488</x1>
        <y1>120</y1>
        <x2>507</x2>
        <y2>180</y2>
        <w>19</w>
        <h>60</h>
        <angle>0</angle>
        <AttrList n="0"/>
        <time>
          <Time1>0:0:2 2022-09-04</Time1>
        </time>
      </boundingbox>
      <boundingbox id="10" Inds_id="None">
        <x1>146</x1>
        <y1>155</y1>
        <x2>197</x2>
        <y2>194</y2>
        <w>51</w>
        <h>39</h>
        <angle>0</angle>
        <AttrList n="0"/>
        <time>
          <Time1>0:0:3 2022-09-04</Time1>
        </time>
      </boundingbox>
    </class>
    <class id="1">
      <boundingbox id="0" Inds_id="None">
        <x1>361</x1>
        <y1>132</y1>
        <x2>446</x2>
        <y2>286</y2>
        <w>85</w>
        <h>154</h>
        <angle>0</angle>
        <AttrList n="0"/>
        <time>
          <Time1>0:0:5 2022-09-04</Time1>
        </time>
      </boundingbox>
      <boundingbox id="1" Inds_id="None">
        <x1>1</x1>
        <y1>0</y1>
        <x2>635</x2>
        <y2>151</y2>
        <w>634</w>
        <h>151</h>
        <angle>0</angle>
        <AttrList n="0"/>
        <time>
          <Time1>0:0:6 2022-09-04</Time1>
        </time>
      </boundingbox>
      <boundingbox id="2" Inds_id="None">
        <x1>225</x1>
        <y1>302</y1>
        <x2>354</x2>
        <y2>478</y2>
        <w>129</w>
        <h>176</h>
        <angle>0</angle>
        <AttrList n="0"/>
        <time>
          <Time1>0:0:8 2022-09-04</Time1>
        </time>
      </boundingbox>
    </class>
    <class id="2">
      <boundingbox id="0" Inds_id="None">
        <x1>615</x1>
        <y1>126</y1>
        <x2>632</x2>
        <y2>172</y2>
        <w>17</w>
        <h>46</h>
        <angle>0</angle>
        <AttrList n="0"/>
        <time>
          <Time1>0:0:1 2022-09-04</Time1>
        </time>
      </boundingbox>
      <boundingbox id="1" Inds_id="None">
        <x1>523</x1>
        <y1>298</y1>
        <x2>537</x2>
        <y2>315</y2>
        <w>14</w>
        <h>17</h>
        <angle>0</angle>
        <AttrList n="0"/>
        <time>
          <Time1>0:0:1 2022-09-04</Time1>
        </time>
      </boundingbox>
      <boundingbox id="2" Inds_id="None">
        <x1>475</x1>
        <y1>196</y1>
        <x2>496</x2>
        <y2>225</y2>
        <w>21</w>
        <h>29</h>
        <angle>0</angle>
        <AttrList n="0"/>
        <time>
          <Time1>0:0:4 2022-09-04</Time1>
        </time>
      </boundingbox>
    </class>
  </project>
</LabelingTool>
