<?xml version="1.0" encoding="UTF-8"?>
<LabelingTool version=" 2.10.6_10.12.13_6">
  <creator>RamyaP</creator>
  <Imagetype>Stadium interview</Imagetype>
  <project name="Robikart_BBox">
    <class id="0">
      <boundingbox id="0" Inds_id="None">
        <x1>489</x1>
        <y1>125</y1>
        <x2>507</x2>
        <y2>187</y2>
        <w>18</w>
        <h>62</h>
        <angle>0</angle>
        <AttrList n="0"/>
        <time>
          <Time1>0:0:1 2022-09-04</Time1>
        </time>
      </boundingbox>
      <boundingbox id="1" Inds_id="None">
        <x1>504</x1>
        <y1>138</y1>
        <x2>544</x2>
        <y2>238</y2>
        <w>40</w>
        <h>100</h>
        <angle>0</angle>
        <AttrList n="0"/>
        <time>
          <Time1>0:0:2 2022-09-04</Time1>
        </time>
      </boundingbox>
      <boundingbox id="2" Inds_id="None">
        <x1>484</x1>
        <y1>214</y1>
        <x2>564</x2>
        <y2>282</y2>
        <w>80</w>
        <h>68</h>
        <angle>0</angle>
        <AttrList n="0"/>
        <time>
          <Time1>0:0:2 2022-09-04</Time1>
        </time>
      </boundingbox>
      <boundingbox id="3" Inds_id="None">
        <x1>476</x1>
        <y1>272</y1>
        <x2>544</x2>
        <y2>333</y2>
        <w>68</w>
        <h>61</h>
        <angle>0</angle>
        <AttrList n="0"/>
        <time>
          <Time1>0:0:0 2022-09-04</Time1>
        </time>
      </boundingbox>
      <boundingbox id="4" Inds_id="None">
        <x1>414</x1>
        <y1>176</y1>
        <x2>513</x2>
        <y2>288</y2>
        <w>99</w>
        <h>112</h>
        <angle>0</angle>
        <AttrList n="0"/>
        <time>
          <Time1>0:0:1 2022-09-04</Time1>
        </time>
      </boundingbox>
      <boundingbox id="5" Inds_id="None">
        <x1>529</x1>
        <y1>143</y1>
        <x2>640</x2>
        <y2>225</y2>
        <w>111</w>
        <h>82</h>
        <angle>0</angle>
        <AttrList n="0"/>
        <time>
          <Time1>0:0:2 2022-09-04</Time1>
        </time>
      </boundingbox>
    </class>
    <class id="1">
      <boundingbox id="0" Inds_id="None">
        <x1>360</x1>
        <y1>131</y1>
        <x2>446</x2>
        <y2>290</y2>
        <w>86</w>
        <h>159</h>
        <angle>0</angle>
        <AttrList n="0"/>
        <time>
          <Time1>0:0:5 2022-09-04</Time1>
        </time>
      </boundingbox>
      <boundingbox id="1" Inds_id="None">
        <x1>1</x1>
        <y1>0</y1>
        <x2>635</x2>
        <y2>148</y2>
        <w>634</w>
        <h>148</h>
        <angle>0</angle>
        <time>
          <Time1>0:0:4 2022-09-04</Time1>
        </time>
      </boundingbox>
    </class>
    <class id="2">
      <boundingbox id="0" Inds_id="None">
        <x1>527</x1>
        <y1>299</y1>
        <x2>540</x2>
        <y2>311</y2>
        <w>13</w>
        <h>12</h>
        <angle>0</angle>
        <AttrList n="0"/>
        <time>
          <Time1>0:0:2 2022-09-04</Time1>
        </time>
      </boundingbox>
      <boundingbox id="1" Inds_id="None">
        <x1>548</x1>
        <y1>231</y1>
        <x2>558</x2>
        <y2>248</y2>
        <w>10</w>
        <h>17</h>
        <angle>0</angle>
        <AttrList n="0"/>
        <time>
          <Time1>0:0:1 2022-09-04</Time1>
        </time>
      </boundingbox>
      <boundingbox id="2" Inds_id="None">
        <x1>470</x1>
        <y1>199</y1>
        <x2>487</x2>
        <y2>220</y2>
        <w>17</w>
        <h>21</h>
        <angle>0</angle>
        <AttrList n="0"/>
        <time>
          <Time1>0:0:1 2022-09-04</Time1>
        </time>
      </boundingbox>
    </class>
  </project>
</LabelingTool>
