<?xml version="1.0" encoding="UTF-8"?>
<LabelingTool version=" 2.10.6_10.12.13_6">
  <creator>RamyaP</creator>
  <Imagetype>Stadium interview</Imagetype>
  <project name="Robikart_BBox">
    <class id="0">
      <boundingbox id="0" Inds_id="None">
        <x1>484</x1>
        <y1>215</y1>
        <x2>565</x2>
        <y2>282</y2>
        <w>81</w>
        <h>67</h>
        <angle>0</angle>
        <AttrList n="0"/>
        <time>
          <Time1>0:0:2 2022-09-04</Time1>
        </time>
      </boundingbox>
      <boundingbox id="1" Inds_id="None">
        <x1>474</x1>
        <y1>272</y1>
        <x2>545</x2>
        <y2>333</y2>
        <w>71</w>
        <h>61</h>
        <angle>0</angle>
        <AttrList n="0"/>
        <time>
          <Time1>0:0:3 2022-09-04</Time1>
        </time>
      </boundingbox>
      <boundingbox id="2" Inds_id="None">
        <x1>505</x1>
        <y1>141</y1>
        <x2>546</x2>
        <y2>239</y2>
        <w>41</w>
        <h>98</h>
        <angle>0</angle>
        <AttrList n="0"/>
        <time>
          <Time1>0:0:2 2022-09-04</Time1>
        </time>
      </boundingbox>
      <boundingbox id="3" Inds_id="None">
        <x1>489</x1>
        <y1>124</y1>
        <x2>507</x2>
        <y2>187</y2>
        <w>18</w>
        <h>63</h>
        <angle>0</angle>
        <AttrList n="0"/>
        <time>
          <Time1>0:0:3 2022-09-04</Time1>
        </time>
      </boundingbox>
      <boundingbox id="4" Inds_id="None">
        <x1>503</x1>
        <y1>143</y1>
        <x2>638</x2>
        <y2>224</y2>
        <w>135</w>
        <h>81</h>
        <angle>0</angle>
        <AttrList n="0"/>
        <time>
          <Time1>0:0:3 2022-09-04</Time1>
        </time>
      </boundingbox>
      <boundingbox id="5" Inds_id="None">
        <x1>414</x1>
        <y1>173</y1>
        <x2>518</x2>
        <y2>286</y2>
        <w>104</w>
        <h>113</h>
        <angle>0</angle>
        <AttrList n="0"/>
        <time>
          <Time1>0:0:3 2022-09-04</Time1>
        </time>
      </boundingbox>
      <boundingbox id="6" Inds_id="None">
        <x1>87</x1>
        <y1>87</y1>
        <x2>164</x2>
        <y2>293</y2>
        <w>77</w>
        <h>206</h>
        <angle>0</angle>
        <AttrList n="0"/>
        <time>
          <Time1>0:0:2 2022-09-04</Time1>
        </time>
      </boundingbox>
    </class>
    <class id="1">
      <boundingbox id="0" Inds_id="None">
        <x1>359</x1>
        <y1>131</y1>
        <x2>449</x2>
        <y2>289</y2>
        <w>90</w>
        <h>158</h>
        <angle>0</angle>
        <AttrList n="0"/>
        <time>
          <Time1>0:0:5 2022-09-04</Time1>
        </time>
      </boundingbox>
      <boundingbox id="1" Inds_id="None">
        <x1>1</x1>
        <y1>0</y1>
        <x2>635</x2>
        <y2>148</y2>
        <w>634</w>
        <h>148</h>
        <angle>0</angle>
        <time>
          <Time1>0:0:4 2022-09-04</Time1>
        </time>
      </boundingbox>
    </class>
    <class id="2">
      <boundingbox id="0" Inds_id="None">
        <x1>524</x1>
        <y1>298</y1>
        <x2>538</x2>
        <y2>313</y2>
        <w>14</w>
        <h>15</h>
        <angle>0</angle>
        <AttrList n="0"/>
        <time>
          <Time1>0:0:1 2022-09-04</Time1>
        </time>
      </boundingbox>
      <boundingbox id="1" Inds_id="None">
        <x1>547</x1>
        <y1>232</y1>
        <x2>560</x2>
        <y2>247</y2>
        <w>13</w>
        <h>15</h>
        <angle>0</angle>
        <AttrList n="0"/>
        <time>
          <Time1>0:0:1 2022-09-04</Time1>
        </time>
      </boundingbox>
      <boundingbox id="2" Inds_id="None">
        <x1>472</x1>
        <y1>198</y1>
        <x2>485</x2>
        <y2>219</y2>
        <w>13</w>
        <h>21</h>
        <angle>0</angle>
        <AttrList n="0"/>
        <time>
          <Time1>0:0:1 2022-09-04</Time1>
        </time>
      </boundingbox>
    </class>
  </project>
</LabelingTool>
