<?xml version="1.0" encoding="UTF-8"?>
<LabelingTool version=" 2.10.6_10.12.13_6">
  <creator>RamyaP</creator>
  <Imagetype>Stadium interview</Imagetype>
  <project name="Robikart_BBox">
    <class id="0">
      <boundingbox id="0" Inds_id="None">
        <x1>564</x1>
        <y1>126</y1>
        <x2>638</x2>
        <y2>345</y2>
        <w>74</w>
        <h>219</h>
        <angle>0</angle>
        <AttrList n="0"/>
        <time>
          <Time1>0:0:2 2022-09-04</Time1>
        </time>
      </boundingbox>
      <boundingbox id="1" Inds_id="None">
        <x1>471</x1>
        <y1>63</y1>
        <x2>615</x2>
        <y2>399</y2>
        <w>144</w>
        <h>336</h>
        <angle>0</angle>
        <AttrList n="0"/>
        <time>
          <Time1>0:0:2 2022-09-04</Time1>
        </time>
      </boundingbox>
      <boundingbox id="2" Inds_id="None">
        <x1>393</x1>
        <y1>57</y1>
        <x2>561</x2>
        <y2>371</y2>
        <w>168</w>
        <h>314</h>
        <angle>0</angle>
        <AttrList n="0"/>
        <time>
          <Time1>0:0:3 2022-09-04</Time1>
        </time>
      </boundingbox>
    </class>
    <class id="1">
      <boundingbox id="0" Inds_id="None">
        <x1>361</x1>
        <y1>132</y1>
        <x2>401</x2>
        <y2>286</y2>
        <w>40</w>
        <h>154</h>
        <angle>0</angle>
        <AttrList n="0"/>
        <time>
          <Time1>0:0:1 2022-09-04</Time1>
        </time>
      </boundingbox>
      <boundingbox id="1" Inds_id="None">
        <x1>1</x1>
        <y1>0</y1>
        <x2>635</x2>
        <y2>174</y2>
        <w>634</w>
        <h>174</h>
        <angle>0</angle>
        <AttrList n="0"/>
        <time>
          <Time1>0:0:6 2022-09-04</Time1>
        </time>
      </boundingbox>
      <boundingbox id="2" Inds_id="None">
        <x1>237</x1>
        <y1>351</y1>
        <x2>310</x2>
        <y2>480</y2>
        <w>73</w>
        <h>129</h>
        <angle>0</angle>
        <time>
          <Time1>0:0:3 2022-09-04</Time1>
        </time>
      </boundingbox>
    </class>
    <class id="2">
      <boundingbox id="0" Inds_id="None">
        <x1>542</x1>
        <y1>67</y1>
        <x2>560</x2>
        <y2>96</y2>
        <w>18</w>
        <h>29</h>
        <angle>0</angle>
        <AttrList n="0"/>
        <time>
          <Time1>0:0:1 2022-09-04</Time1>
        </time>
      </boundingbox>
      <boundingbox id="1" Inds_id="None">
        <x1>613</x1>
        <y1>131</y1>
        <x2>630</x2>
        <y2>171</y2>
        <w>17</w>
        <h>40</h>
        <angle>0</angle>
        <AttrList n="0"/>
        <time>
          <Time1>0:0:2 2022-09-04</Time1>
        </time>
      </boundingbox>
    </class>
  </project>
</LabelingTool>
