<?xml version="1.0" encoding="UTF-8"?>
<LabelingTool version=" 2.10.6_10.12.13_6">
  <creator>RamyaP</creator>
  <Imagetype>Stadium interview</Imagetype>
  <project name="Robikart_BBox">
    <class id="0">
      <boundingbox id="0" Inds_id="None">
        <x1>423</x1>
        <y1>166</y1>
        <x2>473</x2>
        <y2>254</y2>
        <w>50</w>
        <h>88</h>
        <angle>0</angle>
        <AttrList n="0"/>
        <time>
          <Time1>0:0:0 2022-09-04</Time1>
        </time>
      </boundingbox>
      <boundingbox id="1" Inds_id="None">
        <x1>489</x1>
        <y1>158</y1>
        <x2>557</x2>
        <y2>193</y2>
        <w>68</w>
        <h>35</h>
        <angle>0</angle>
        <AttrList n="0"/>
        <time>
          <Time1>0:0:2 2022-09-04</Time1>
        </time>
      </boundingbox>
      <boundingbox id="2" Inds_id="None">
        <x1>510</x1>
        <y1>135</y1>
        <x2>572</x2>
        <y2>201</y2>
        <w>62</w>
        <h>66</h>
        <angle>0</angle>
        <AttrList n="0"/>
        <time>
          <Time1>0:0:2 2022-09-04</Time1>
        </time>
      </boundingbox>
      <boundingbox id="3" Inds_id="None">
        <x1>464</x1>
        <y1>88</y1>
        <x2>553</x2>
        <y2>163</y2>
        <w>89</w>
        <h>75</h>
        <angle>0</angle>
        <AttrList n="0"/>
        <time>
          <Time1>0:0:1 2022-09-04</Time1>
        </time>
      </boundingbox>
      <boundingbox id="4" Inds_id="None">
        <x1>506</x1>
        <y1>197</y1>
        <x2>567</x2>
        <y2>281</y2>
        <w>61</w>
        <h>84</h>
        <angle>0</angle>
        <AttrList n="0"/>
        <time>
          <Time1>0:0:2 2022-09-04</Time1>
        </time>
      </boundingbox>
      <boundingbox id="5" Inds_id="None">
        <x1>457</x1>
        <y1>188</y1>
        <x2>528</x2>
        <y2>291</y2>
        <w>71</w>
        <h>103</h>
        <angle>0</angle>
        <AttrList n="0"/>
        <time>
          <Time1>0:0:1 2022-09-04</Time1>
        </time>
      </boundingbox>
      <boundingbox id="6" Inds_id="None">
        <x1>509</x1>
        <y1>255</y1>
        <x2>552</x2>
        <y2>284</y2>
        <w>43</w>
        <h>29</h>
        <angle>0</angle>
        <AttrList n="0"/>
        <time>
          <Time1>0:0:1 2022-09-04</Time1>
        </time>
      </boundingbox>
      <boundingbox id="7" Inds_id="None">
        <x1>477</x1>
        <y1>280</y1>
        <x2>545</x2>
        <y2>336</y2>
        <w>68</w>
        <h>56</h>
        <angle>0</angle>
        <AttrList n="0"/>
        <time>
          <Time1>0:0:1 2022-09-04</Time1>
        </time>
      </boundingbox>
      <boundingbox id="8" Inds_id="None">
        <x1>412</x1>
        <y1>169</y1>
        <x2>521</x2>
        <y2>317</y2>
        <w>109</w>
        <h>148</h>
        <angle>0</angle>
        <AttrList n="0"/>
        <time>
          <Time1>0:0:2 2022-09-04</Time1>
        </time>
      </boundingbox>
      <boundingbox id="9" Inds_id="None">
        <x1>541</x1>
        <y1>111</y1>
        <x2>638</x2>
        <y2>343</y2>
        <w>97</w>
        <h>232</h>
        <angle>0</angle>
        <AttrList n="0"/>
        <time>
          <Time1>0:0:3 2022-09-04</Time1>
        </time>
      </boundingbox>
      <boundingbox id="10" Inds_id="None">
        <x1>162</x1>
        <y1>131</y1>
        <x2>266</x2>
        <y2>236</y2>
        <w>104</w>
        <h>105</h>
        <angle>0</angle>
        <AttrList n="0"/>
        <time>
          <Time1>0:0:2 2022-09-04</Time1>
        </time>
      </boundingbox>
    </class>
    <class id="1">
      <boundingbox id="0" Inds_id="None">
        <x1>360</x1>
        <y1>131</y1>
        <x2>448</x2>
        <y2>286</y2>
        <w>88</w>
        <h>155</h>
        <angle>0</angle>
        <AttrList n="0"/>
        <time>
          <Time1>0:0:5 2022-09-04</Time1>
        </time>
      </boundingbox>
      <boundingbox id="1" Inds_id="None">
        <x1>1</x1>
        <y1>0</y1>
        <x2>635</x2>
        <y2>135</y2>
        <w>634</w>
        <h>135</h>
        <angle>0</angle>
        <AttrList n="0"/>
        <time>
          <Time1>0:0:4 2022-09-04</Time1>
        </time>
      </boundingbox>
      <boundingbox id="2" Inds_id="None">
        <x1>225</x1>
        <y1>320</y1>
        <x2>354</x2>
        <y2>480</y2>
        <w>129</w>
        <h>160</h>
        <angle>0</angle>
        <time>
          <Time1>0:0:14 2022-09-04</Time1>
        </time>
      </boundingbox>
    </class>
    <class id="2">
      <boundingbox id="0" Inds_id="None">
        <x1>604</x1>
        <y1>128</y1>
        <x2>624</x2>
        <y2>170</y2>
        <w>20</w>
        <h>42</h>
        <angle>0</angle>
        <AttrList n="0"/>
        <time>
          <Time1>0:0:2 2022-09-04</Time1>
        </time>
      </boundingbox>
      <boundingbox id="1" Inds_id="None">
        <x1>524</x1>
        <y1>297</y1>
        <x2>538</x2>
        <y2>314</y2>
        <w>14</w>
        <h>17</h>
        <angle>0</angle>
        <AttrList n="0"/>
        <time>
          <Time1>0:0:1 2022-09-04</Time1>
        </time>
      </boundingbox>
      <boundingbox id="2" Inds_id="None">
        <x1>213</x1>
        <y1>170</y1>
        <x2>240</x2>
        <y2>210</y2>
        <w>27</w>
        <h>40</h>
        <angle>0</angle>
        <AttrList n="0"/>
        <time>
          <Time1>0:0:2 2022-09-04</Time1>
        </time>
      </boundingbox>
    </class>
  </project>
</LabelingTool>
