<?xml version="1.0" encoding="UTF-8"?>
<LabelingTool version=" 2.10.6_10.12.13_6">
  <creator>RamyaP</creator>
  <Imagetype>Stadium interview</Imagetype>
  <project name="Robikart_BBox">
    <class id="0">
      <boundingbox id="0" Inds_id="None">
        <x1>490</x1>
        <y1>133</y1>
        <x2>574</x2>
        <y2>216</y2>
        <w>84</w>
        <h>83</h>
        <angle>0</angle>
        <AttrList n="0"/>
        <time>
          <Time1>0:0:3 2022-09-04</Time1>
        </time>
      </boundingbox>
      <boundingbox id="1" Inds_id="None">
        <x1>470</x1>
        <y1>212</y1>
        <x2>566</x2>
        <y2>276</y2>
        <w>96</w>
        <h>64</h>
        <angle>0</angle>
        <AttrList n="0"/>
        <time>
          <Time1>0:0:3 2022-09-04</Time1>
        </time>
      </boundingbox>
      <boundingbox id="2" Inds_id="None">
        <x1>480</x1>
        <y1>267</y1>
        <x2>553</x2>
        <y2>314</y2>
        <w>73</w>
        <h>47</h>
        <angle>0</angle>
        <AttrList n="0"/>
        <time>
          <Time1>0:0:1 2022-09-04</Time1>
        </time>
      </boundingbox>
    </class>
    <class id="1">
      <boundingbox id="0" Inds_id="None">
        <x1>356</x1>
        <y1>133</y1>
        <x2>449</x2>
        <y2>291</y2>
        <w>93</w>
        <h>158</h>
        <angle>0</angle>
        <AttrList n="0"/>
        <time>
          <Time1>0:0:3 2022-09-04</Time1>
        </time>
      </boundingbox>
      <boundingbox id="1" Inds_id="None">
        <x1>1</x1>
        <y1>0</y1>
        <x2>635</x2>
        <y2>145</y2>
        <w>634</w>
        <h>145</h>
        <angle>0</angle>
        <AttrList n="0"/>
        <time>
          <Time1>0:0:5 2022-09-04</Time1>
        </time>
      </boundingbox>
      <boundingbox id="2" Inds_id="None">
        <x1>248</x1>
        <y1>286</y1>
        <x2>307</x2>
        <y2>478</y2>
        <w>59</w>
        <h>192</h>
        <angle>0</angle>
        <time>
          <Time1>0:0:3 2022-09-04</Time1>
        </time>
      </boundingbox>
    </class>
    <class id="2">
      <boundingbox id="0" Inds_id="None">
        <x1>530</x1>
        <y1>278</y1>
        <x2>544</x2>
        <y2>293</y2>
        <w>14</w>
        <h>15</h>
        <angle>0</angle>
        <AttrList n="0"/>
        <time>
          <Time1>0:0:1 2022-09-04</Time1>
        </time>
      </boundingbox>
      <boundingbox id="1" Inds_id="None">
        <x1>551</x1>
        <y1>237</y1>
        <x2>563</x2>
        <y2>260</y2>
        <w>12</w>
        <h>23</h>
        <angle>0</angle>
        <AttrList n="0"/>
        <time>
          <Time1>0:0:1 2022-09-04</Time1>
        </time>
      </boundingbox>
    </class>
  </project>
</LabelingTool>
