<?xml version="1.0" encoding="UTF-8"?>
<LabelingTool version=" 2.10.6_10.12.13_6">
  <creator>RamyaP</creator>
  <Imagetype>Stadium interview</Imagetype>
  <project name="Robikart_BBox">
    <class id="0">
      <boundingbox id="0" Inds_id="None">
        <x1>490</x1>
        <y1>133</y1>
        <x2>574</x2>
        <y2>215</y2>
        <w>84</w>
        <h>82</h>
        <angle>0</angle>
        <AttrList n="0"/>
        <time>
          <Time1>0:0:3 2022-09-04</Time1>
        </time>
      </boundingbox>
      <boundingbox id="1" Inds_id="None">
        <x1>470</x1>
        <y1>212</y1>
        <x2>566</x2>
        <y2>276</y2>
        <w>96</w>
        <h>64</h>
        <angle>0</angle>
        <AttrList n="0"/>
        <time>
          <Time1>0:0:3 2022-09-04</Time1>
        </time>
      </boundingbox>
      <boundingbox id="2" Inds_id="None">
        <x1>480</x1>
        <y1>267</y1>
        <x2>553</x2>
        <y2>314</y2>
        <w>73</w>
        <h>47</h>
        <angle>0</angle>
        <AttrList n="0"/>
        <time>
          <Time1>0:0:1 2022-09-04</Time1>
        </time>
      </boundingbox>
      <boundingbox id="3" Inds_id="None">
        <x1>145</x1>
        <y1>139</y1>
        <x2>206</x2>
        <y2>198</y2>
        <w>61</w>
        <h>59</h>
        <angle>0</angle>
        <AttrList n="0"/>
        <time>
          <Time1>0:0:1 2022-09-04</Time1>
        </time>
      </boundingbox>
    </class>
    <class id="1">
      <boundingbox id="0" Inds_id="None">
        <x1>356</x1>
        <y1>133</y1>
        <x2>449</x2>
        <y2>291</y2>
        <w>93</w>
        <h>158</h>
        <angle>0</angle>
        <AttrList n="0"/>
        <time>
          <Time1>0:0:3 2022-09-04</Time1>
        </time>
      </boundingbox>
      <boundingbox id="1" Inds_id="None">
        <x1>1</x1>
        <y1>0</y1>
        <x2>635</x2>
        <y2>133</y2>
        <w>634</w>
        <h>133</h>
        <angle>0</angle>
        <AttrList n="0"/>
        <time>
          <Time1>0:0:4 2022-09-04</Time1>
        </time>
      </boundingbox>
      <boundingbox id="2" Inds_id="None">
        <x1>233</x1>
        <y1>276</y1>
        <x2>308</x2>
        <y2>478</y2>
        <w>75</w>
        <h>202</h>
        <angle>0</angle>
        <time>
          <Time1>0:0:2 2022-09-04</Time1>
        </time>
      </boundingbox>
    </class>
    <class id="2">
      <boundingbox id="0" Inds_id="None">
        <x1>550</x1>
        <y1>240</y1>
        <x2>561</x2>
        <y2>261</y2>
        <w>11</w>
        <h>21</h>
        <angle>0</angle>
        <AttrList n="0"/>
        <time>
          <Time1>0:0:1 2022-09-04</Time1>
        </time>
      </boundingbox>
      <boundingbox id="1" Inds_id="None">
        <x1>531</x1>
        <y1>277</y1>
        <x2>545</x2>
        <y2>293</y2>
        <w>14</w>
        <h>16</h>
        <angle>0</angle>
        <AttrList n="0"/>
        <time>
          <Time1>0:0:1 2022-09-04</Time1>
        </time>
      </boundingbox>
    </class>
  </project>
</LabelingTool>
