<?xml version="1.0" encoding="UTF-8"?>
<LabelingTool version=" 2.10.6_10.12.13_6">
  <creator>RamyaP</creator>
  <Imagetype>Stadium interview</Imagetype>
  <project name="Robikart_BBox">
    <class id="0">
      <boundingbox id="0" Inds_id="None">
        <x1>475</x1>
        <y1>272</y1>
        <x2>546</x2>
        <y2>334</y2>
        <w>71</w>
        <h>62</h>
        <angle>0</angle>
        <AttrList n="0"/>
        <time>
          <Time1>0:0:2 2022-09-04</Time1>
        </time>
      </boundingbox>
      <boundingbox id="1" Inds_id="None">
        <x1>495</x1>
        <y1>213</y1>
        <x2>564</x2>
        <y2>272</y2>
        <w>69</w>
        <h>59</h>
        <angle>0</angle>
        <AttrList n="0"/>
        <time>
          <Time1>0:0:1 2022-09-04</Time1>
        </time>
      </boundingbox>
      <boundingbox id="2" Inds_id="None">
        <x1>505</x1>
        <y1>141</y1>
        <x2>546</x2>
        <y2>233</y2>
        <w>41</w>
        <h>92</h>
        <angle>0</angle>
        <AttrList n="0"/>
        <time>
          <Time1>0:0:1 2022-09-04</Time1>
        </time>
      </boundingbox>
      <boundingbox id="3" Inds_id="None">
        <x1>490</x1>
        <y1>134</y1>
        <x2>508</x2>
        <y2>181</y2>
        <w>18</w>
        <h>47</h>
        <angle>0</angle>
        <AttrList n="0"/>
        <time>
          <Time1>0:0:1 2022-09-04</Time1>
        </time>
      </boundingbox>
      <boundingbox id="4" Inds_id="None">
        <x1>426</x1>
        <y1>172</y1>
        <x2>508</x2>
        <y2>270</y2>
        <w>82</w>
        <h>98</h>
        <angle>0</angle>
        <AttrList n="0"/>
        <time>
          <Time1>0:0:4 2022-09-04</Time1>
        </time>
      </boundingbox>
      <boundingbox id="5" Inds_id="None">
        <x1>527</x1>
        <y1>145</y1>
        <x2>639</x2>
        <y2>227</y2>
        <w>112</w>
        <h>82</h>
        <angle>0</angle>
        <AttrList n="0"/>
        <time>
          <Time1>0:0:3 2022-09-04</Time1>
        </time>
      </boundingbox>
    </class>
    <class id="1">
      <boundingbox id="0" Inds_id="None">
        <x1>361</x1>
        <y1>130</y1>
        <x2>445</x2>
        <y2>289</y2>
        <w>84</w>
        <h>159</h>
        <angle>0</angle>
        <AttrList n="0"/>
        <time>
          <Time1>0:0:2 2022-09-04</Time1>
        </time>
      </boundingbox>
      <boundingbox id="1" Inds_id="None">
        <x1>0</x1>
        <y1>0</y1>
        <x2>634</x2>
        <y2>157</y2>
        <w>634</w>
        <h>157</h>
        <angle>0</angle>
        <time>
          <Time1>0:0:4 2022-09-04</Time1>
        </time>
      </boundingbox>
    </class>
    <class id="2">
      <boundingbox id="0" Inds_id="None">
        <x1>469</x1>
        <y1>184</y1>
        <x2>479</x2>
        <y2>205</y2>
        <w>10</w>
        <h>21</h>
        <angle>0</angle>
        <AttrList n="0"/>
        <time>
          <Time1>0:0:1 2022-09-04</Time1>
        </time>
      </boundingbox>
      <boundingbox id="1" Inds_id="None">
        <x1>547</x1>
        <y1>230</y1>
        <x2>558</x2>
        <y2>250</y2>
        <w>11</w>
        <h>20</h>
        <angle>0</angle>
        <AttrList n="0"/>
        <time>
          <Time1>0:0:2 2022-09-04</Time1>
        </time>
      </boundingbox>
      <boundingbox id="2" Inds_id="None">
        <x1>526</x1>
        <y1>297</y1>
        <x2>539</x2>
        <y2>314</y2>
        <w>13</w>
        <h>17</h>
        <angle>0</angle>
        <AttrList n="0"/>
        <time>
          <Time1>0:0:1 2022-09-04</Time1>
        </time>
      </boundingbox>
    </class>
  </project>
</LabelingTool>
