<?xml version='1.0' encoding='UTF-8' standalone='yes' ?>
<annotation>
  <folder>training</folder>
  <filename>Images/Tester6_robicart/images/Tester6_robicart_45.png</filename>
  <source>
    <database>synthetic initialization</database>
    <annotation>PASCAL VOC2007</annotation>
    <image>synthetic</image>
    <flickrid>none</flickrid>
  </source>
  <owner>
    <flickrid>none</flickrid>
    <name>none</name>
  </owner>
  <size>
    <width>640</width>
    <height>480</height>
    <depth>3</depth>
  </size>
  <segmented>0</segmented>
  <object>
    <boundingbox>
      <x1>243</x1>
      <y1>21</y1>
      <x2>281</x2>
      <y2>37</y2>
    </boundingbox>
  </object>
  <object>
    <boundingbox>
      <x1>0</x1>
      <y1>61</y1>
      <x2>27</x2>
      <y2>76</y2>
    </boundingbox>
  </object>
  <object>
    <boundingbox>
      <x1>246</x1>
      <y1>11</y1>
      <x2>246</x2>
      <y2>47</y2>
    </boundingbox>
  </object>
  <object>
    <boundingbox>
      <x1>252</x1>
      <y1>28</y1>
      <x2>255</x2>
      <y2>29</y2>
    </boundingbox>
  </object>
  <object>
    <boundingbox>
      <x1>0</x1>
      <y1>51</y1>
      <x2>0</x2>
      <y2>86</y2>
    </boundingbox>
  </object>
  <object>
    <boundingbox>
      <x1>0</x1>
      <y1>68</y1>
      <x2>2</x2>
      <y2>69</y2>
    </boundingbox>
  </object>
  <object>
    <boundingbox>
      <x1>232</x1>
      <y1>9</y1>
      <x2>232</x2>
      <y2>44</y2>
    </boundingbox>
  </object>
  <object>
    <boundingbox>
      <x1>239</x1>
      <y1>26</y1>
      <x2>242</x2>
      <y2>27</y2>
    </boundingbox>
  </object>
</annotation>