<?xml version='1.0' encoding='UTF-8' standalone='yes' ?>
<annotation>
  <folder>training</folder>
  <filename>Images/Tester6_robicart/images/Tester6_robicart_6.png</filename>
  <source>
    <database>synthetic initialization</database>
    <annotation>PASCAL VOC2007</annotation>
    <image>synthetic</image>
    <flickrid>none</flickrid>
  </source>
  <owner>
    <flickrid>none</flickrid>
    <name>none</name>
  </owner>
  <size>
    <width>640</width>
    <height>480</height>
    <depth>3</depth>
  </size>
  <segmented>0</segmented>
  <object>
    <boundingbox>
      <x1>210</x1>
      <y1>36</y1>
      <x2>229</x2>
      <y2>52</y2>
    </boundingbox>
  </object>
  <object>
    <boundingbox>
      <x1>229</x1>
      <y1>34</y1>
      <x2>242</x2>
      <y2>59</y2>
    </boundingbox>
  </object>
  <object>
    <boundingbox>
      <x1>128</x1>
      <y1>5</y1>
      <x2>147</x2>
      <y2>21</y2>
    </boundingbox>
  </object>
  <object>
    <boundingbox>
      <x1>147</x1>
      <y1>2</y1>
      <x2>159</x2>
      <y2>27</y2>
    </boundingbox>
  </object>
  <object>
    <boundingbox>
      <x1>226</x1>
      <y1>42</y1>
      <x2>229</x2>
      <y2>51</y2>
    </boundingbox>
  </object>
  <object>
    <boundingbox>
      <x1>144</x1>
      <y1>8</y1>
      <x2>147</x2>
      <y2>17</y2>
    </boundingbox>
  </object>
</annotation>