<?xml version='1.0' encoding='UTF-8' standalone='yes' ?>
<annotation>
  <folder>training</folder>
  <filename>Images/Tester6_robicart/images/Tester6_robicart_59.png</filename>
  <source>
    <database>synthetic initialization</database>
    <annotation>PASCAL VOC2007</annotation>
    <image>synthetic</image>
    <flickrid>none</flickrid>
  </source>
  <owner>
    <flickrid>none</flickrid>
    <name>none</name>
  </owner>
  <size>
    <width>640</width>
    <height>480</height>
    <depth>3</depth>
  </size>
  <segmented>0</segmented>
  <object>
    <boundingbox>
      <x1>50</x1>
      <y1>40</y1>
      <x2>51</x2>
      <y2>41</y2>
    </boundingbox>
  </object>
  <object>
    <boundingbox>
      <x1>55</x1>
      <y1>33</y1>
      <x2>62</x2>
      <y2>49</y2>
    </boundingbox>
  </object>
  <object>
    <boundingbox>
      <x1>62</x1>
      <y1>39</y1>
      <x2>65</x2>
      <y2>43</y2>
    </boundingbox>
  </object>
  <object>
    <boundingbox>
      <x1>306</x1>
      <y1>3</y1>
      <x2>306</x2>
      <y2>7</y2>
    </boundingbox>
  </object>
  <object>
    <boundingbox>
      <x1>68</x1>
      <y1>35</y1>
      <x2>75</x2>
      <y2>51</y2>
    </boundingbox>
  </object>
  <object>
    <boundingbox>
      <x1>308</x1>
      <y1>0</y1>
      <x2>315</x2>
      <y2>13</y2>
    </boundingbox>
  </object>
</annotation>