<?xml version='1.0' encoding='UTF-8' standalone='yes' ?>
<annotation>
  <folder>training</folder>
  <filename>Images/Tester6_robicart/images/Tester6_robicart_77.png</filename>
  <source>
    <database>synthetic initialization</database>
    <annotation>PASCAL VOC2007</annotation>
    <image>synthetic</image>
    <flickrid>none</flickrid>
  </source>
  <owner>
    <flickrid>none</flickrid>
    <name>none</name>
  </owner>
  <size>
    <width>640</width>
    <height>480</height>
    <depth>3</depth>
  </size>
  <segmented>0</segmented>
  <object>
    <boundingbox>
      <x1>278</x1>
      <y1>39</y1>
      <x2>305</x2>
      <y2>55</y2>
    </boundingbox>
  </object>
  <object>
    <boundingbox>
      <x1>276</x1>
      <y1>23</y1>
      <x2>279</x2>
      <y2>72</y2>
    </boundingbox>
  </object>
  <object>
    <boundingbox>
      <x1>198</x1>
      <y1>12</y1>
      <x2>225</x2>
      <y2>28</y2>
    </boundingbox>
  </object>
  <object>
    <boundingbox>
      <x1>283</x1>
      <y1>47</y1>
      <x2>284</x2>
      <y2>48</y2>
    </boundingbox>
  </object>
  <object>
    <boundingbox>
      <x1>194</x1>
      <y1>0</y1>
      <x2>197</x2>
      <y2>42</y2>
    </boundingbox>
  </object>
  <object>
    <boundingbox>
      <x1>203</x1>
      <y1>20</y1>
      <x2>204</x2>
      <y2>21</y2>
    </boundingbox>
  </object>
</annotation>