<?xml version='1.0' encoding='UTF-8' standalone='yes' ?>
<annotation>
  <folder>training</folder>
  <filename>Images/Tester6_robicart/images/Tester6_robicart_32.png</filename>
  <source>
    <database>synthetic initialization</database>
    <annotation>PASCAL VOC2007</annotation>
    <image>synthetic</image>
    <flickrid>none</flickrid>
  </source>
  <owner>
    <flickrid>none</flickrid>
    <name>none</name>
  </owner>
  <size>
    <width>640</width>
    <height>480</height>
    <depth>3</depth>
  </size>
  <segmented>0</segmented>
  <object>
    <boundingbox>
      <x1>56</x1>
      <y1>76</y1>
      <x2>75</x2>
      <y2>77</y2>
    </boundingbox>
  </object>
  <object>
    <boundingbox>
      <x1>296</x1>
      <y1>27</y1>
      <x2>315</x2>
      <y2>28</y2>
    </boundingbox>
  </object>
  <object>
    <boundingbox>
      <x1>294</x1>
      <y1>10</y1>
      <x2>301</x2>
      <y2>45</y2>
    </boundingbox>
  </object>
</annotation>