<?xml version='1.0' encoding='UTF-8' standalone='yes' ?>
<annotation>
  <folder>training</folder>
  <filename>Images/Tester6_robicart/images/Tester6_robicart_24.png</filename>
  <source>
    <database>synthetic initialization</database>
    <annotation>PASCAL VOC2007</annotation>
    <image>synthetic</image>
    <flickrid>none</flickrid>
  </source>
  <owner>
    <flickrid>none</flickrid>
    <name>none</name>
  </owner>
  <size>
    <width>640</width>
    <height>480</height>
    <depth>3</depth>
  </size>
  <segmented>0</segmented>
  <object>
    <boundingbox>
      <x1>278</x1>
      <y1>13</y1>
      <x2>281</x2>
      <y2>29</y2>
    </boundingbox>
  </object>
  <object>
    <boundingbox>
      <x1>284</x1>
      <y1>19</y1>
      <x2>296</x2>
      <y2>23</y2>
    </boundingbox>
  </object>
</annotation>