<?xml version='1.0' encoding='UTF-8' standalone='yes' ?>
<annotation>
  <folder>training</folder>
  <filename>Images/Tester6_robicart/images/Tester6_robicart_74.png</filename>
  <source>
    <database>synthetic initialization</database>
    <annotation>PASCAL VOC2007</annotation>
    <image>synthetic</image>
    <flickrid>none</flickrid>
  </source>
  <owner>
    <flickrid>none</flickrid>
    <name>none</name>
  </owner>
  <size>
    <width>640</width>
    <height>480</height>
    <depth>3</depth>
  </size>
  <segmented>0</segmented>
  <object>
    <boundingbox>
      <x1>74</x1>
      <y1>20</y1>
      <x2>77</x2>
      <y2>36</y2>
    </boundingbox>
  </object>
  <object>
    <boundingbox>
      <x1>64</x1>
      <y1>31</y1>
      <x2>76</x2>
      <y2>31</y2>
    </boundingbox>
  </object>
  <object>
    <boundingbox>
      <x1>61</x1>
      <y1>26</y1>
      <x2>64</x2>
      <y2>35</y2>
    </boundingbox>
  </object>
  <object>
    <boundingbox>
      <x1>45</x1>
      <y1>0</y1>
      <x2>64</x2>
      <y2>209</y2>
    </boundingbox>
  </object>
</annotation>