<?xml version='1.0' encoding='UTF-8' standalone='yes' ?>
<annotation>
  <folder>training</folder>
  <filename>Images/Tester6_robicart/images/Tester6_robicart_25.png</filename>
  <source>
    <database>synthetic initialization</database>
    <annotation>PASCAL VOC2007</annotation>
    <image>synthetic</image>
    <flickrid>none</flickrid>
  </source>
  <owner>
    <flickrid>none</flickrid>
    <name>none</name>
  </owner>
  <size>
    <width>640</width>
    <height>480</height>
    <depth>3</depth>
  </size>
  <segmented>0</segmented>
  <object>
    <boundingbox>
      <x1>256</x1>
      <y1>0</y1>
      <x2>256</x2>
      <y2>0</y2>
    </boundingbox>
  </object>
  <object>
    <boundingbox>
      <x1>246</x1>
      <y1>0</y1>
      <x2>249</x2>
      <y2>27</y2>
    </boundingbox>
  </object>
  <object>
    <boundingbox>
      <x1>250</x1>
      <y1>0</y1>
      <x2>278</x2>
      <y2>0</y2>
    </boundingbox>
  </object>
  <object>
    <boundingbox>
      <x1>0</x1>
      <y1>35</y1>
      <x2>11</x2>
      <y2>44</y2>
    </boundingbox>
  </object>
  <object>
    <boundingbox>
      <x1>0</x1>
      <y1>40</y1>
      <x2>0</x2>
      <y2>40</y2>
    </boundingbox>
  </object>
  <object>
    <boundingbox>
      <x1>0</x1>
      <y1>0</y1>
      <x2>0</x2>
      <y2>80</y2>
    </boundingbox>
  </object>
  <object>
    <boundingbox>
      <x1>10</x1>
      <y1>33</y1>
      <x2>38</x2>
      <y2>42</y2>
    </boundingbox>
  </object>
  <object>
    <boundingbox>
      <x1>6</x1>
      <y1>0</y1>
      <x2>9</x2>
      <y2>78</y2>
    </boundingbox>
  </object>
  <object>
    <boundingbox>
      <x1>16</x1>
      <y1>37</y1>
      <x2>16</x2>
      <y2>38</y2>
    </boundingbox>
  </object>
</annotation>