<?xml version='1.0' encoding='UTF-8' standalone='yes' ?>
<annotation>
  <folder>training</folder>
  <filename>Images/Tester6_robicart/images/Tester6_robicart_80.png</filename>
  <source>
    <database>synthetic initialization</database>
    <annotation>PASCAL VOC2007</annotation>
    <image>synthetic</image>
    <flickrid>none</flickrid>
  </source>
  <owner>
    <flickrid>none</flickrid>
    <name>none</name>
  </owner>
  <size>
    <width>640</width>
    <height>480</height>
    <depth>3</depth>
  </size>
  <segmented>0</segmented>
  <object>
    <boundingbox>
      <x1>0</x1>
      <y1>20</y1>
      <x2>0</x2>
      <y2>24</y2>
    </boundingbox>
  </object>
  <object>
    <boundingbox>
      <x1>0</x1>
      <y1>0</y1>
      <x2>0</x2>
      <y2>80</y2>
    </boundingbox>
  </object>
  <object>
    <boundingbox>
      <x1>0</x1>
      <y1>20</y1>
      <x2>0</x2>
      <y2>21</y2>
    </boundingbox>
  </object>
  <object>
    <boundingbox>
      <x1>80</x1>
      <y1>48</y1>
      <x2>93</x2>
      <y2>52</y2>
    </boundingbox>
  </object>
  <object>
    <boundingbox>
      <x1>64</x1>
      <y1>0</y1>
      <x2>77</x2>
      <y2>121</y2>
    </boundingbox>
  </object>
  <object>
    <boundingbox>
      <x1>0</x1>
      <y1>18</y1>
      <x2>13</x2>
      <y2>22</y2>
    </boundingbox>
  </object>
  <object>
    <boundingbox>
      <x1>77</x1>
      <y1>48</y1>
      <x2>80</x2>
      <y2>52</y2>
    </boundingbox>
  </object>
  <object>
    <boundingbox>
      <x1>304</x1>
      <y1>0</y1>
      <x2>317</x2>
      <y2>72</y2>
    </boundingbox>
  </object>
  <object>
    <boundingbox>
      <x1>317</x1>
      <y1>14</y1>
      <x2>319</x2>
      <y2>15</y2>
    </boundingbox>
  </object>
</annotation>