<?xml version='1.0' encoding='UTF-8' standalone='yes' ?>
<annotation>
  <folder>training</folder>
  <filename>Images/Tester6_robicart/images/Tester6_robicart_13.png</filename>
  <source>
    <database>synthetic initialization</database>
    <annotation>PASCAL VOC2007</annotation>
    <image>synthetic</image>
    <flickrid>none</flickrid>
  </source>
  <owner>
    <flickrid>none</flickrid>
    <name>none</name>
  </owner>
  <size>
    <width>640</width>
    <height>480</height>
    <depth>3</depth>
  </size>
  <segmented>0</segmented>
</annotation>