<?xml version='1.0' encoding='UTF-8' standalone='yes' ?>
<annotation>
  <folder>training</folder>
  <filename>Images/Tester6_robicart/images/Tester6_robicart_41.png</filename>
  <source>
    <database>synthetic initialization</database>
    <annotation>PASCAL VOC2007</annotation>
    <image>synthetic</image>
    <flickrid>none</flickrid>
  </source>
  <owner>
    <flickrid>none</flickrid>
    <name>none</name>
  </owner>
  <size>
    <width>640</width>
    <height>480</height>
    <depth>3</depth>
  </size>
  <segmented>0</segmented>
  <object>
    <boundingbox>
      <x1>202</x1>
      <y1>25</y1>
      <x2>229</x2>
      <y2>50</y2>
    </boundingbox>
  </object>
  <object>
    <boundingbox>
      <x1>199</x1>
      <y1>23</y1>
      <x2>200</x2>
      <y2>48</y2>
    </boundingbox>
  </object>
  <object>
    <boundingbox>
      <x1>207</x1>
      <y1>36</y1>
      <x2>208</x2>
      <y2>40</y2>
    </boundingbox>
  </object>
  <object>
    <boundingbox>
      <x1>208</x1>
      <y1>25</y1>
      <x2>209</x2>
      <y2>50</y2>
    </boundingbox>
  </object>
  <object>
    <boundingbox>
      <x1>216</x1>
      <y1>36</y1>
      <x2>217</x2>
      <y2>40</y2>
    </boundingbox>
  </object>
</annotation>