<?xml version='1.0' encoding='UTF-8' standalone='yes' ?>
<annotation>
  <folder>training</folder>
  <filename>Images/Tester6_robicart/images/Tester6_robicart_56.png</filename>
  <source>
    <database>synthetic initialization</database>
    <annotation>PASCAL VOC2007</annotation>
    <image>synthetic</image>
    <flickrid>none</flickrid>
  </source>
  <owner>
    <flickrid>none</flickrid>
    <name>none</name>
  </owner>
  <size>
    <width>640</width>
    <height>480</height>
    <depth>3</depth>
  </size>
  <segmented>0</segmented>
  <object>
    <boundingbox>
      <x1>55</x1>
      <y1>58</y1>
      <x2>92</x2>
      <y2>59</y2>
    </boundingbox>
  </object>
  <object>
    <boundingbox>
      <x1>54</x1>
      <y1>44</y1>
      <x2>82</x2>
      <y2>69</y2>
    </boundingbox>
  </object>
  <object>
    <boundingbox>
      <x1>0</x1>
      <y1>28</y1>
      <x2>12</x2>
      <y2>29</y2>
    </boundingbox>
  </object>
  <object>
    <boundingbox>
      <x1>307</x1>
      <y1>17</y1>
      <x2>319</x2>
      <y2>21</y2>
    </boundingbox>
  </object>
  <object>
    <boundingbox>
      <x1>0</x1>
      <y1>17</y1>
      <x2>0</x2>
      <y2>41</y2>
    </boundingbox>
  </object>
  <object>
    <boundingbox>
      <x1>308</x1>
      <y1>6</y1>
      <x2>319</x2>
      <y2>31</y2>
    </boundingbox>
  </object>
</annotation>