<?xml version='1.0' encoding='UTF-8' standalone='yes' ?>
<annotation>
  <folder>training</folder>
  <filename>Images/Tester6_robicart/images/Tester6_robicart_75.png</filename>
  <source>
    <database>synthetic initialization</database>
    <annotation>PASCAL VOC2007</annotation>
    <image>synthetic</image>
    <flickrid>none</flickrid>
  </source>
  <owner>
    <flickrid>none</flickrid>
    <name>none</name>
  </owner>
  <size>
    <width>640</width>
    <height>480</height>
    <depth>3</depth>
  </size>
  <segmented>0</segmented>
  <object>
    <boundingbox>
      <x1>85</x1>
      <y1>48</y1>
      <x2>97</x2>
      <y2>52</y2>
    </boundingbox>
  </object>
  <object>
    <boundingbox>
      <x1>0</x1>
      <y1>20</y1>
      <x2>6</x2>
      <y2>24</y2>
    </boundingbox>
  </object>
  <object>
    <boundingbox>
      <x1>0</x1>
      <y1>0</y1>
      <x2>0</x2>
      <y2>91</y2>
    </boundingbox>
  </object>
  <object>
    <boundingbox>
      <x1>65</x1>
      <y1>0</y1>
      <x2>84</x2>
      <y2>121</y2>
    </boundingbox>
  </object>
  <object>
    <boundingbox>
      <x1>0</x1>
      <y1>18</y1>
      <x2>0</x2>
      <y2>22</y2>
    </boundingbox>
  </object>
  <object>
    <boundingbox>
      <x1>79</x1>
      <y1>49</y1>
      <x2>82</x2>
      <y2>50</y2>
    </boundingbox>
  </object>
  <object>
    <boundingbox>
      <x1>309</x1>
      <y1>0</y1>
      <x2>319</x2>
      <y2>72</y2>
    </boundingbox>
  </object>
  <object>
    <boundingbox>
      <x1>5</x1>
      <y1>18</y1>
      <x2>17</x2>
      <y2>22</y2>
    </boundingbox>
  </object>
  <object>
    <boundingbox>
      <x1>319</x1>
      <y1>12</y1>
      <x2>319</x2>
      <y2>13</y2>
    </boundingbox>
  </object>
</annotation>