<?xml version='1.0' encoding='UTF-8' standalone='yes' ?>
<annotation>
  <folder>training</folder>
  <filename>Images/Tester6_robicart/images/Tester6_robicart_10.png</filename>
  <source>
    <database>synthetic initialization</database>
    <annotation>PASCAL VOC2007</annotation>
    <image>synthetic</image>
    <flickrid>none</flickrid>
  </source>
  <owner>
    <flickrid>none</flickrid>
    <name>none</name>
  </owner>
  <size>
    <width>640</width>
    <height>480</height>
    <depth>3</depth>
  </size>
  <segmented>0</segmented>
  <object>
    <boundingbox>
      <x1>245</x1>
      <y1>4</y1>
      <x2>252</x2>
      <y2>40</y2>
    </boundingbox>
  </object>
  <object>
    <boundingbox>
      <x1>239</x1>
      <y1>22</y1>
      <x2>242</x2>
      <y2>26</y2>
    </boundingbox>
  </object>
  <object>
    <boundingbox>
      <x1>28</x1>
      <y1>58</y1>
      <x2>31</x2>
      <y2>62</y2>
    </boundingbox>
  </object>
  <object>
    <boundingbox>
      <x1>34</x1>
      <y1>42</y1>
      <x2>41</x2>
      <y2>78</y2>
    </boundingbox>
  </object>
  <object>
    <boundingbox>
      <x1>274</x1>
      <y1>4</y1>
      <x2>281</x2>
      <y2>40</y2>
    </boundingbox>
  </object>
  <object>
    <boundingbox>
      <x1>268</x1>
      <y1>20</y1>
      <x2>271</x2>
      <y2>24</y2>
    </boundingbox>
  </object>
</annotation>