<?xml version='1.0' encoding='UTF-8' standalone='yes' ?>
<annotation>
  <folder>training</folder>
  <filename>Images/Tester6_robicart/images/Tester6_robicart_76.png</filename>
  <source>
    <database>synthetic initialization</database>
    <annotation>PASCAL VOC2007</annotation>
    <image>synthetic</image>
    <flickrid>none</flickrid>
  </source>
  <owner>
    <flickrid>none</flickrid>
    <name>none</name>
  </owner>
  <size>
    <width>640</width>
    <height>480</height>
    <depth>3</depth>
  </size>
  <segmented>0</segmented>
  <object>
    <boundingbox>
      <x1>152</x1>
      <y1>37</y1>
      <x2>159</x2>
      <y2>37</y2>
    </boundingbox>
  </object>
  <object>
    <boundingbox>
      <x1>126</x1>
      <y1>0</y1>
      <x2>153</x2>
      <y2>233</y2>
    </boundingbox>
  </object>
  <object>
    <boundingbox>
      <x1>76</x1>
      <y1>8</y1>
      <x2>83</x2>
      <y2>8</y2>
    </boundingbox>
  </object>
  <object>
    <boundingbox>
      <x1>144</x1>
      <y1>29</y1>
      <x2>151</x2>
      <y2>45</y2>
    </boundingbox>
  </object>
  <object>
    <boundingbox>
      <x1>50</x1>
      <y1>0</y1>
      <x2>78</x2>
      <y2>184</y2>
    </boundingbox>
  </object>
  <object>
    <boundingbox>
      <x1>68</x1>
      <y1>0</y1>
      <x2>75</x2>
      <y2>16</y2>
    </boundingbox>
  </object>
</annotation>