<?xml version='1.0' encoding='UTF-8' standalone='yes' ?>
<annotation>
  <folder>training</folder>
  <filename>Images/Tester6_robicart/images/Tester6_robicart_71.png</filename>
  <source>
    <database>synthetic initialization</database>
    <annotation>PASCAL VOC2007</annotation>
    <image>synthetic</image>
    <flickrid>none</flickrid>
  </source>
  <owner>
    <flickrid>none</flickrid>
    <name>none</name>
  </owner>
  <size>
    <width>640</width>
    <height>480</height>
    <depth>3</depth>
  </size>
  <segmented>0</segmented>
  <object>
    <boundingbox>
      <x1>166</x1>
      <y1>0</y1>
      <x2>169</x2>
      <y2>198</y2>
    </boundingbox>
  </object>
  <object>
    <boundingbox>
      <x1>77</x1>
      <y1>25</y1>
      <x2>104</x2>
      <y2>26</y2>
    </boundingbox>
  </object>
  <object>
    <boundingbox>
      <x1>71</x1>
      <y1>0</y1>
      <x2>74</x2>
      <y2>168</y2>
    </boundingbox>
  </object>
  <object>
    <boundingbox>
      <x1>78</x1>
      <y1>21</y1>
      <x2>78</x2>
      <y2>30</y2>
    </boundingbox>
  </object>
  <object>
    <boundingbox>
      <x1>92</x1>
      <y1>25</y1>
      <x2>120</x2>
      <y2>25</y2>
    </boundingbox>
  </object>
  <object>
    <boundingbox>
      <x1>89</x1>
      <y1>0</y1>
      <x2>92</x2>
      <y2>168</y2>
    </boundingbox>
  </object>
  <object>
    <boundingbox>
      <x1>98</x1>
      <y1>21</y1>
      <x2>98</x2>
      <y2>30</y2>
    </boundingbox>
  </object>
</annotation>