<?xml version='1.0' encoding='UTF-8' standalone='yes' ?>
<annotation>
  <folder>training</folder>
  <filename>Images/Tester6_robicart/images/Tester6_robicart_22.png</filename>
  <source>
    <database>synthetic initialization</database>
    <annotation>PASCAL VOC2007</annotation>
    <image>synthetic</image>
    <flickrid>none</flickrid>
  </source>
  <owner>
    <flickrid>none</flickrid>
    <name>none</name>
  </owner>
  <size>
    <width>640</width>
    <height>480</height>
    <depth>3</depth>
  </size>
  <segmented>0</segmented>
  <object>
    <boundingbox>
      <x1>21</x1>
      <y1>20</y1>
      <x2>58</x2>
      <y2>24</y2>
    </boundingbox>
  </object>
  <object>
    <boundingbox>
      <x1>23</x1>
      <y1>0</y1>
      <x2>23</x2>
      <y2>82</y2>
    </boundingbox>
  </object>
  <object>
    <boundingbox>
      <x1>30</x1>
      <y1>22</y1>
      <x2>33</x2>
      <y2>23</y2>
    </boundingbox>
  </object>
  <object>
    <boundingbox>
      <x1>89</x1>
      <y1>45</y1>
      <x2>127</x2>
      <y2>49</y2>
    </boundingbox>
  </object>
  <object>
    <boundingbox>
      <x1>92</x1>
      <y1>0</y1>
      <x2>92</x2>
      <y2>107</y2>
    </boundingbox>
  </object>
  <object>
    <boundingbox>
      <x1>99</x1>
      <y1>47</y1>
      <x2>102</x2>
      <y2>48</y2>
    </boundingbox>
  </object>
  <object>
    <boundingbox>
      <x1>12</x1>
      <y1>0</y1>
      <x2>12</x2>
      <y2>82</y2>
    </boundingbox>
  </object>
  <object>
    <boundingbox>
      <x1>19</x1>
      <y1>22</y1>
      <x2>22</x2>
      <y2>23</y2>
    </boundingbox>
  </object>
  <object>
    <boundingbox>
      <x1>9</x1>
      <y1>22</y1>
      <x2>47</x2>
      <y2>26</y2>
    </boundingbox>
  </object>
</annotation>