<?xml version='1.0' encoding='UTF-8' standalone='yes' ?>
<annotation>
  <folder>training</folder>
  <filename>Images/Tester6_robicart/images/Tester6_robicart_53.png</filename>
  <source>
    <database>synthetic initialization</database>
    <annotation>PASCAL VOC2007</annotation>
    <image>synthetic</image>
    <flickrid>none</flickrid>
  </source>
  <owner>
    <flickrid>none</flickrid>
    <name>none</name>
  </owner>
  <size>
    <width>640</width>
    <height>480</height>
    <depth>3</depth>
  </size>
  <segmented>0</segmented>
  <object>
    <boundingbox>
      <x1>51</x1>
      <y1>29</y1>
      <x2>79</x2>
      <y2>30</y2>
    </boundingbox>
  </object>
  <object>
    <boundingbox>
      <x1>51</x1>
      <y1>10</y1>
      <x2>63</x2>
      <y2>45</y2>
    </boundingbox>
  </object>
  <object>
    <boundingbox>
      <x1>64</x1>
      <y1>10</y1>
      <x2>77</x2>
      <y2>45</y2>
    </boundingbox>
  </object>
</annotation>