<?xml version='1.0' encoding='UTF-8' standalone='yes' ?>
<annotation>
  <folder>training</folder>
  <filename>Images/Tester6_robicart/images/Tester6_robicart_79.png</filename>
  <source>
    <database>synthetic initialization</database>
    <annotation>PASCAL VOC2007</annotation>
    <image>synthetic</image>
    <flickrid>none</flickrid>
  </source>
  <owner>
    <flickrid>none</flickrid>
    <name>none</name>
  </owner>
  <size>
    <width>640</width>
    <height>480</height>
    <depth>3</depth>
  </size>
  <segmented>0</segmented>
  <object>
    <boundingbox>
      <x1>287</x1>
      <y1>29</y1>
      <x2>288</x2>
      <y2>30</y2>
    </boundingbox>
  </object>
  <object>
    <boundingbox>
      <x1>276</x1>
      <y1>0</y1>
      <x2>279</x2>
      <y2>68</y2>
    </boundingbox>
  </object>
  <object>
    <boundingbox>
      <x1>299</x1>
      <y1>29</y1>
      <x2>299</x2>
      <y2>30</y2>
    </boundingbox>
  </object>
  <object>
    <boundingbox>
      <x1>293</x1>
      <y1>25</y1>
      <x2>319</x2>
      <y2>34</y2>
    </boundingbox>
  </object>
  <object>
    <boundingbox>
      <x1>289</x1>
      <y1>0</y1>
      <x2>292</x2>
      <y2>70</y2>
    </boundingbox>
  </object>
</annotation>