<?xml version='1.0' encoding='UTF-8' standalone='yes' ?>
<annotation>
  <folder>training</folder>
  <filename>Images/Tester6_robicart/images/Tester6_robicart_81.png</filename>
  <source>
    <database>synthetic initialization</database>
    <annotation>PASCAL VOC2007</annotation>
    <image>synthetic</image>
    <flickrid>none</flickrid>
  </source>
  <owner>
    <flickrid>none</flickrid>
    <name>none</name>
  </owner>
  <size>
    <width>640</width>
    <height>480</height>
    <depth>3</depth>
  </size>
  <segmented>0</segmented>
  <object>
    <boundingbox>
      <x1>14</x1>
      <y1>13</y1>
      <x2>21</x2>
      <y2>29</y2>
    </boundingbox>
  </object>
  <object>
    <boundingbox>
      <x1>240</x1>
      <y1>0</y1>
      <x2>267</x2>
      <y2>83</y2>
    </boundingbox>
  </object>
  <object>
    <boundingbox>
      <x1>264</x1>
      <y1>12</y1>
      <x2>271</x2>
      <y2>16</y2>
    </boundingbox>
  </object>
  <object>
    <boundingbox>
      <x1>14</x1>
      <y1>25</y1>
      <x2>21</x2>
      <y2>34</y2>
    </boundingbox>
  </object>
  <object>
    <boundingbox>
      <x1>258</x1>
      <y1>14</y1>
      <x2>265</x2>
      <y2>15</y2>
    </boundingbox>
  </object>
  <object>
    <boundingbox>
      <x1>0</x1>
      <y1>0</y1>
      <x2>21</x2>
      <y2>158</y2>
    </boundingbox>
  </object>
  <object>
    <boundingbox>
      <x1>20</x1>
      <y1>31</y1>
      <x2>27</x2>
      <y2>32</y2>
    </boundingbox>
  </object>
</annotation>