<?xml version='1.0' encoding='UTF-8' standalone='yes' ?>
<annotation>
  <folder>training</folder>
  <filename>Images/Tester6_robicart/images/Tester6_robicart_43.png</filename>
  <source>
    <database>synthetic initialization</database>
    <annotation>PASCAL VOC2007</annotation>
    <image>synthetic</image>
    <flickrid>none</flickrid>
  </source>
  <owner>
    <flickrid>none</flickrid>
    <name>none</name>
  </owner>
  <size>
    <width>640</width>
    <height>480</height>
    <depth>3</depth>
  </size>
  <segmented>0</segmented>
  <object>
    <boundingbox>
      <x1>44</x1>
      <y1>0</y1>
      <x2>51</x2>
      <y2>146</y2>
    </boundingbox>
  </object>
  <object>
    <boundingbox>
      <x1>56</x1>
      <y1>19</y1>
      <x2>56</x2>
      <y2>28</y2>
    </boundingbox>
  </object>
  <object>
    <boundingbox>
      <x1>52</x1>
      <y1>24</y1>
      <x2>71</x2>
      <y2>24</y2>
    </boundingbox>
  </object>
</annotation>