<?xml version='1.0' encoding='UTF-8' standalone='yes' ?>
<annotation>
  <folder>training</folder>
  <filename>Images/Tester6_robicart/images/Tester6_robicart_78.png</filename>
  <source>
    <database>synthetic initialization</database>
    <annotation>PASCAL VOC2007</annotation>
    <image>synthetic</image>
    <flickrid>none</flickrid>
  </source>
  <owner>
    <flickrid>none</flickrid>
    <name>none</name>
  </owner>
  <size>
    <width>640</width>
    <height>480</height>
    <depth>3</depth>
  </size>
  <segmented>0</segmented>
  <object>
    <boundingbox>
      <x1>214</x1>
      <y1>0</y1>
      <x2>220</x2>
      <y2>44</y2>
    </boundingbox>
  </object>
  <object>
    <boundingbox>
      <x1>226</x1>
      <y1>12</y1>
      <x2>245</x2>
      <y2>28</y2>
    </boundingbox>
  </object>
  <object>
    <boundingbox>
      <x1>225</x1>
      <y1>20</y1>
      <x2>225</x2>
      <y2>21</y2>
    </boundingbox>
  </object>
  <object>
    <boundingbox>
      <x1>0</x1>
      <y1>51</y1>
      <x2>12</x2>
      <y2>60</y2>
    </boundingbox>
  </object>
  <object>
    <boundingbox>
      <x1>233</x1>
      <y1>16</y1>
      <x2>252</x2>
      <y2>25</y2>
    </boundingbox>
  </object>
  <object>
    <boundingbox>
      <x1>303</x1>
      <y1>21</y1>
      <x2>310</x2>
      <y2>69</y2>
    </boundingbox>
  </object>
  <object>
    <boundingbox>
      <x1>314</x1>
      <y1>47</y1>
      <x2>314</x2>
      <y2>47</y2>
    </boundingbox>
  </object>
  <object>
    <boundingbox>
      <x1>223</x1>
      <y1>0</y1>
      <x2>230</x2>
      <y2>42</y2>
    </boundingbox>
  </object>
  <object>
    <boundingbox>
      <x1>234</x1>
      <y1>18</y1>
      <x2>234</x2>
      <y2>18</y2>
    </boundingbox>
  </object>
</annotation>