<?xml version='1.0' encoding='UTF-8' standalone='yes' ?>
<annotation>
  <folder>training</folder>
  <filename>Images/Tester6_robicart/images/Tester6_robicart_39.png</filename>
  <source>
    <database>synthetic initialization</database>
    <annotation>PASCAL VOC2007</annotation>
    <image>synthetic</image>
    <flickrid>none</flickrid>
  </source>
  <owner>
    <flickrid>none</flickrid>
    <name>none</name>
  </owner>
  <size>
    <width>640</width>
    <height>480</height>
    <depth>3</depth>
  </size>
  <segmented>0</segmented>
  <object>
    <boundingbox>
      <x1>284</x1>
      <y1>28</y1>
      <x2>284</x2>
      <y2>76</y2>
    </boundingbox>
  </object>
  <object>
    <boundingbox>
      <x1>291</x1>
      <y1>53</y1>
      <x2>294</x2>
      <y2>54</y2>
    </boundingbox>
  </object>
  <object>
    <boundingbox>
      <x1>206</x1>
      <y1>17</y1>
      <x2>234</x2>
      <y2>32</y2>
    </boundingbox>
  </object>
  <object>
    <boundingbox>
      <x1>213</x1>
      <y1>7</y1>
      <x2>214</x2>
      <y2>42</y2>
    </boundingbox>
  </object>
  <object>
    <boundingbox>
      <x1>221</x1>
      <y1>24</y1>
      <x2>222</x2>
      <y2>25</y2>
    </boundingbox>
  </object>
  <object>
    <boundingbox>
      <x1>204</x1>
      <y1>0</y1>
      <x2>204</x2>
      <y2>49</y2>
    </boundingbox>
  </object>
  <object>
    <boundingbox>
      <x1>212</x1>
      <y1>24</y1>
      <x2>212</x2>
      <y2>25</y2>
    </boundingbox>
  </object>
</annotation>