<?xml version='1.0' encoding='UTF-8' standalone='yes' ?>
<annotation>
  <folder>training</folder>
  <filename>Images/Tester6_robicart/images/Tester6_robicart_64.png</filename>
  <source>
    <database>synthetic initialization</database>
    <annotation>PASCAL VOC2007</annotation>
    <image>synthetic</image>
    <flickrid>none</flickrid>
  </source>
  <owner>
    <flickrid>none</flickrid>
    <name>none</name>
  </owner>
  <size>
    <width>640</width>
    <height>480</height>
    <depth>3</depth>
  </size>
  <segmented>0</segmented>
  <object>
    <boundingbox>
      <x1>298</x1>
      <y1>8</y1>
      <x2>310</x2>
      <y2>56</y2>
    </boundingbox>
  </object>
  <object>
    <boundingbox>
      <x1>298</x1>
      <y1>31</y1>
      <x2>319</x2>
      <y2>32</y2>
    </boundingbox>
  </object>
  <object>
    <boundingbox>
      <x1>285</x1>
      <y1>8</y1>
      <x2>297</x2>
      <y2>56</y2>
    </boundingbox>
  </object>
  <object>
    <boundingbox>
      <x1>285</x1>
      <y1>32</y1>
      <x2>312</x2>
      <y2>32</y2>
    </boundingbox>
  </object>
</annotation>