<?xml version='1.0' encoding='UTF-8' standalone='yes' ?>
<annotation>
  <folder>training</folder>
  <filename>Images/Tester6_robicart/images/Tester6_robicart_62.png</filename>
  <source>
    <database>synthetic initialization</database>
    <annotation>PASCAL VOC2007</annotation>
    <image>synthetic</image>
    <flickrid>none</flickrid>
  </source>
  <owner>
    <flickrid>none</flickrid>
    <name>none</name>
  </owner>
  <size>
    <width>640</width>
    <height>480</height>
    <depth>3</depth>
  </size>
  <segmented>0</segmented>
  <object>
    <boundingbox>
      <x1>0</x1>
      <y1>28</y1>
      <x2>0</x2>
      <y2>43</y2>
    </boundingbox>
  </object>
  <object>
    <boundingbox>
      <x1>0</x1>
      <y1>34</y1>
      <x2>6</x2>
      <y2>37</y2>
    </boundingbox>
  </object>
  <object>
    <boundingbox>
      <x1>12</x1>
      <y1>36</y1>
      <x2>24</x2>
      <y2>40</y2>
    </boundingbox>
  </object>
  <object>
    <boundingbox>
      <x1>7</x1>
      <y1>28</y1>
      <x2>14</x2>
      <y2>43</y2>
    </boundingbox>
  </object>
</annotation>